module,file,line,kind,name
CartanAlgebra.Basic,CartanAlgebra/Basic.lean,45,def,cartanA4
CartanAlgebra.Basic,CartanAlgebra/Basic.lean,54,theorem,cartanA4_diag
CartanAlgebra.Basic,CartanAlgebra/Basic.lean,58,theorem,cartanA4_trace
CartanAlgebra.Basic,CartanAlgebra/Basic.lean,64,theorem,cartanA4_symmetric
CartanAlgebra.Basic,CartanAlgebra/Basic.lean,71,def,det1
CartanAlgebra.Basic,CartanAlgebra/Basic.lean,74,def,det2
CartanAlgebra.Basic,CartanAlgebra/Basic.lean,77,def,det3
CartanAlgebra.Basic,CartanAlgebra/Basic.lean,83,def,det4
CartanAlgebra.Basic,CartanAlgebra/Basic.lean,93,theorem,cartanA4_det_eq_5
CartanAlgebra.Basic,CartanAlgebra/Basic.lean,97,theorem,cartanA4_det_pos
CartanAlgebra.Basic,CartanAlgebra/Basic.lean,103,def,cartanA1
CartanAlgebra.Basic,CartanAlgebra/Basic.lean,107,theorem,cartanA1_det_eq_2
CartanAlgebra.Basic,CartanAlgebra/Basic.lean,111,def,cartanA2
CartanAlgebra.Basic,CartanAlgebra/Basic.lean,118,theorem,cartanA2_det_eq_3
CartanAlgebra.Basic,CartanAlgebra/Basic.lean,122,def,cartanA3
CartanAlgebra.Basic,CartanAlgebra/Basic.lean,129,theorem,cartanA3_det_eq_4
CartanAlgebra.Basic,CartanAlgebra/Basic.lean,135,theorem,cartanA_det_pattern
CartanAlgebra.Basic,CartanAlgebra/Basic.lean,143,def,sqrt5
CartanAlgebra.Basic,CartanAlgebra/Basic.lean,153,def,eigenvalue1
CartanAlgebra.Basic,CartanAlgebra/Basic.lean,154,def,eigenvalue2
CartanAlgebra.Basic,CartanAlgebra/Basic.lean,155,def,eigenvalue3
CartanAlgebra.Basic,CartanAlgebra/Basic.lean,156,def,eigenvalue4
CartanAlgebra.Basic,CartanAlgebra/Basic.lean,159,lemma,sqrt5_lt_3
CartanAlgebra.Basic,CartanAlgebra/Basic.lean,166,lemma,sqrt5_lt_5
CartanAlgebra.Basic,CartanAlgebra/Basic.lean,173,lemma,sqrt5_gt_1
CartanAlgebra.Basic,CartanAlgebra/Basic.lean,179,theorem,eigenvalue1_pos
CartanAlgebra.Basic,CartanAlgebra/Basic.lean,185,theorem,eigenvalue2_pos
CartanAlgebra.Basic,CartanAlgebra/Basic.lean,191,theorem,eigenvalue3_pos
CartanAlgebra.Basic,CartanAlgebra/Basic.lean,197,theorem,eigenvalue4_pos
CartanAlgebra.Basic,CartanAlgebra/Basic.lean,203,theorem,eigenvalues_ordered
CartanAlgebra.Basic,CartanAlgebra/Basic.lean,218,theorem,eigenvalue_sum_eq_trace
CartanAlgebra.Basic,CartanAlgebra/Basic.lean,225,theorem,eigenvalue_product_eq_det
CartanAlgebra.Basic,CartanAlgebra/Basic.lean,238,def,eigenvalues
CartanAlgebra.Basic,CartanAlgebra/Basic.lean,241,theorem,eigenvalues_sum_eq_8
CartanAlgebra.Basic,CartanAlgebra/Basic.lean,253,def,charPolyCoeffs
CartanAlgebra.Basic,CartanAlgebra/Basic.lean,256,def,charPoly
CartanAlgebra.Basic,CartanAlgebra/Basic.lean,279,def,cartanA4_inv_entry
CartanAlgebra.Basic,CartanAlgebra/Basic.lean,286,def,cartanA4_inv_sum
CartanAlgebra.Basic,CartanAlgebra/Basic.lean,291,theorem,cartanA4_inv_sum_eq_10
CartanAlgebra.Basic,CartanAlgebra/Basic.lean,304,theorem,cartanA4_positive_definite
CartanAlgebra.Basic,CartanAlgebra/Basic.lean,314,theorem,cartanA4_positive_definite_real
CartanAlgebra.Basic,CartanAlgebra/Basic.lean,324,theorem,cartanA4_all_eigenvalues_pos
CartanAlgebra.Basic,CartanAlgebra/Basic.lean,337,def,dynkinIndex
CartanAlgebra.Basic,CartanAlgebra/Basic.lean,340,theorem,dynkinIndex_pos
CartanAlgebra.Basic,CartanAlgebra/Basic.lean,344,def,dynkinIndexTraditional
CartanAlgebra.Basic,CartanAlgebra/Basic.lean,347,theorem,dynkinIndex_ratio
CartanAlgebra.Basic,CartanAlgebra/Basic.lean,353,def,simplexVertices
CartanAlgebra.Basic,CartanAlgebra/Basic.lean,356,def,simplexEdges
CartanAlgebra.Basic,CartanAlgebra/Basic.lean,359,def,simplexFaces
CartanAlgebra.Basic,CartanAlgebra/Basic.lean,362,def,simplexCells
CartanAlgebra.Basic,CartanAlgebra/Basic.lean,365,theorem,simplexEulerChar
CartanAlgebra.Basic,CartanAlgebra/Basic.lean,370,def,simplexFVector
CartanAlgebra.Basic,CartanAlgebra/Basic.lean,373,theorem,simplexFVector_symmetry_f0_f3
CartanAlgebra.Basic,CartanAlgebra/Basic.lean,377,theorem,simplexFVector_symmetry_f1_f2
CartanAlgebra.Basic,CartanAlgebra/Basic.lean,383,theorem,simplexFVector_palindromic
CartanAlgebra.Basic,CartanAlgebra/Basic.lean,390,def,dimSU5
CartanAlgebra.Basic,CartanAlgebra/Basic.lean,393,def,rankSU5
CartanAlgebra.Basic,CartanAlgebra/Basic.lean,396,theorem,simplexVertices_eq_rank_plus_one
CartanAlgebra.Basic,CartanAlgebra/Basic.lean,400,def,cartanRank
CartanAlgebra.Basic,CartanAlgebra/Basic.lean,403,theorem,cartanRank_eq_rankSU5
CartanAlgebra.Basic,CartanAlgebra/Basic.lean,418,def,orderS5
CartanAlgebra.Basic,CartanAlgebra/Basic.lean,421,theorem,Weyl_group_order_SU5
CausalSet.Axioms,CausalSet/Axioms.lean,62,axiom,physical_hypothesis
CausalSet.Axioms,CausalSet/Axioms.lean,71,axiom,confinement_equiv_decoherence
CausalSet.Axioms,CausalSet/Axioms.lean,80,axiom,noncommutative_to_commutative_phase_transition
CausalSet.Axioms,CausalSet/Axioms.lean,89,axiom,decoherence_steady_state_is_4simplex
CausalSet.Basic,CausalSet/Basic.lean,24,class,CausalSet
CausalSet.Basic,CausalSet/Basic.lean,42,theorem,asymm
CausalSet.Basic,CausalSet/Basic.lean,48,def,interval
CausalSet.Basic,CausalSet/Basic.lean,51,theorem,interval_finite
CausalSet.Basic,CausalSet/Basic.lean,55,def,causalFuture
CausalSet.Basic,CausalSet/Basic.lean,58,def,causalPast
CausalSet.Basic,CausalSet/Basic.lean,61,def,spacelike
CausalSet.Basic,CausalSet/Basic.lean,64,theorem,ne_of_prec
CausalSet.Basic,CausalSet/Basic.lean,71,class,CountableCausalSet
CausalSet.Reproduction,CausalSet/Reproduction.lean,25,class,ReproductionOperator
CausalSet.Reproduction,CausalSet/Reproduction.lean,36,def,isReproduced
CausalSet.Reproduction,CausalSet/Reproduction.lean,39,def,existenceSubspace
CausalSet.Reproduction,CausalSet/Reproduction.lean,42,theorem,muHat_idempotent
CausalSet.Reproduction,CausalSet/Reproduction.lean,46,theorem,zero_isReproduced
CausalSet.Reproduction,CausalSet/Reproduction.lean,51,theorem,add_isReproduced
CausalSet.Reproduction,CausalSet/Reproduction.lean,56,theorem,smul_isReproduced
CausalSet.Reproduction,CausalSet/Reproduction.lean,61,theorem,image_eq_existenceSubspace
CausalSet.Sprinkling,CausalSet/Sprinkling.lean,35,def,sprinklingDensity
CausalSet.Sprinkling,CausalSet/Sprinkling.lean,38,theorem,sprinklingDensity_pos
CausalSet.Sprinkling,CausalSet/Sprinkling.lean,42,theorem,sprinklingDensity_strictMono
CausalSet.Sprinkling,CausalSet/Sprinkling.lean,48,theorem,sprinklingDensity_tendsto_infty
CausalSet.Sprinkling,CausalSet/Sprinkling.lean,63,structure,SprinklingEmbedding
CausalSet.Sprinkling,CausalSet/Sprinkling.lean,75,theorem,u_inj_on_comparable
CausalSet.Sprinkling,CausalSet/Sprinkling.lean,79,theorem,not_prec_of_u_ge
CausalSet.Sprinkling,CausalSet/Sprinkling.lean,86,theorem,u_trans
CausalSet.Sprinkling,CausalSet/Sprinkling.lean,93,theorem,u_image_of_interval_bounded
CausalSet.Sprinkling,CausalSet/Sprinkling.lean,109,theorem,u_spacelike_indeterminate
CausalSet.Sprinkling,CausalSet/Sprinkling.lean,119,def,couplingSpeed
CausalSet.Sprinkling,CausalSet/Sprinkling.lean,124,def,chainToPathLength
CausalSet.Sprinkling,CausalSet/Sprinkling.lean,130,def,reproductionTime
CausalSet.Sprinkling,CausalSet/Sprinkling.lean,135,def,isLink
CausalSet.Sprinkling,CausalSet/Sprinkling.lean,139,theorem,isLink_imp_prec
CausalSet.Sprinkling,CausalSet/Sprinkling.lean,143,theorem,isLink_no_intermediate
CausalSet.Sprinkling,CausalSet/Sprinkling.lean,150,def,couplingMetric
CausalSet.Sprinkling,CausalSet/Sprinkling.lean,158,def,embeddingToCouplingCoordinate
CausalSet.Sprinkling,CausalSet/Sprinkling.lean,164,theorem,embeddingDensityRelation
CausalSet.Sprinkling,CausalSet/Sprinkling.lean,171,def,couplingCoordinateDistance
CausalSet.Sprinkling,CausalSet/Sprinkling.lean,176,theorem,couplingCoordinateDistance_nonneg
CausalSet.Sprinkling,CausalSet/Sprinkling.lean,181,theorem,couplingCoordinateDistance_of_prec
CausalSet.Sprinkling,CausalSet/Sprinkling.lean,190,theorem,couplingCoordinateDistance_pos_of_prec
CouplingSpace.Basic,CouplingSpace/Basic.lean,34,def,couplingStrength
CouplingSpace.Basic,CouplingSpace/Basic.lean,38,def,couplingCoordinate
CouplingSpace.Basic,CouplingSpace/Basic.lean,41,theorem,couplingStrength_eq_exp
CouplingSpace.Basic,CouplingSpace/Basic.lean,44,theorem,couplingStrength_pos
CouplingSpace.Basic,CouplingSpace/Basic.lean,48,theorem,coupling_log_exp
CouplingSpace.Basic,CouplingSpace/Basic.lean,53,theorem,coupling_exp_log
CouplingSpace.Basic,CouplingSpace/Basic.lean,60,def,isCouplingSpeed
CouplingSpace.Basic,CouplingSpace/Basic.lean,64,def,dimensionless
CouplingSpace.Basic,CouplingSpace/Basic.lean,71,class,CanonicalCommutation
CouplingSpace.Basic,CouplingSpace/Basic.lean,81,def,uncertaintyRelation
CouplingSpace.Basic,CouplingSpace/Basic.lean,88,theorem,uncertaintyRelation_nontrivial_bound
CouplingSpace.Basic,CouplingSpace/Basic.lean,100,theorem,couplingCoordinate_eq_ln_sprinkling
CouplingSpace.Basic,CouplingSpace/Basic.lean,107,theorem,sprinklingDensity_eq_couplingStrength
CouplingSpace.Uncertainty,CouplingSpace/Uncertainty.lean,35,def,expectation
CouplingSpace.Uncertainty,CouplingSpace/Uncertainty.lean,37,def,variance
CouplingSpace.Uncertainty,CouplingSpace/Uncertainty.lean,40,def,stdDev
CouplingSpace.Uncertainty,CouplingSpace/Uncertainty.lean,43,def,commutatorOp
CouplingSpace.Uncertainty,CouplingSpace/Uncertainty.lean,45,def,IsHermitian
CouplingSpace.Uncertainty,CouplingSpace/Uncertainty.lean,48,def,idOp
CouplingSpace.Uncertainty,CouplingSpace/Uncertainty.lean,50,def,centeredOp
CouplingSpace.Uncertainty,CouplingSpace/Uncertainty.lean,55,theorem,variance_nonneg
CouplingSpace.Uncertainty,CouplingSpace/Uncertainty.lean,58,theorem,stdDev_nonneg
CouplingSpace.Uncertainty,CouplingSpace/Uncertainty.lean,61,theorem,stdDev_sq_eq_variance
CouplingSpace.Uncertainty,CouplingSpace/Uncertainty.lean,65,theorem,centeredOp_apply
CouplingSpace.Uncertainty,CouplingSpace/Uncertainty.lean,72,theorem,inner_self_one_of_norm_one
CouplingSpace.Uncertainty,CouplingSpace/Uncertainty.lean,81,theorem,expectation_real_of_hermitian
CouplingSpace.Uncertainty,CouplingSpace/Uncertainty.lean,91,theorem,expectation_centeredOp_eq_zero
CouplingSpace.Uncertainty,CouplingSpace/Uncertainty.lean,103,theorem,variance_centeredOp_eq
CouplingSpace.Uncertainty,CouplingSpace/Uncertainty.lean,112,theorem,commutatorOp_centeredOp_eq
CouplingSpace.Uncertainty,CouplingSpace/Uncertainty.lean,129,theorem,IsHermitian_centeredOp
CouplingSpace.Uncertainty,CouplingSpace/Uncertainty.lean,156,theorem,robertson_ccr_inequality
CouplingSpace.Uncertainty,CouplingSpace/Uncertainty.lean,232,theorem,cqm_uncertainty_from_robertson
CouplingSpace.Uncertainty,CouplingSpace/Uncertainty.lean,243,theorem,dimensionless_uncertainty
CouplingSpace.Uncertainty,CouplingSpace/Uncertainty.lean,282,structure,CouplingIdentification
CouplingSpace.Uncertainty,CouplingSpace/Uncertainty.lean,294,theorem,cqm_uncertainty_conditional
Decoherence.Basic,Decoherence/Basic.lean,41,def,confinementScale
Decoherence.Basic,Decoherence/Basic.lean,44,theorem,confinementScale_pos
Decoherence.Basic,Decoherence/Basic.lean,48,def,confinementCoupling
Decoherence.Basic,Decoherence/Basic.lean,52,theorem,confinementCoupling_eq_zero
Decoherence.Basic,Decoherence/Basic.lean,62,theorem,sprinklingDensity_at_confinement
Decoherence.Basic,Decoherence/Basic.lean,69,def,decoherenceCondition
Decoherence.Basic,Decoherence/Basic.lean,88,def,decoherenceRate
Decoherence.Basic,Decoherence/Basic.lean,91,theorem,decoherenceRate_pos
Decoherence.Basic,Decoherence/Basic.lean,95,theorem,decoherenceRate_at_confinement
Decoherence.Basic,Decoherence/Basic.lean,107,inductive,CausalLayer
Decoherence.Basic,Decoherence/Basic.lean,114,def,causalLayer
Decoherence.Basic,Decoherence/Basic.lean,120,theorem,L1_density_lt_L
Decoherence.DeepCoupling,Decoherence/DeepCoupling.lean,84,abbrev,CouplingDepth
Decoherence.DeepCoupling,Decoherence/DeepCoupling.lean,89,def,classicalCouplingThreshold
Decoherence.DeepCoupling,Decoherence/DeepCoupling.lean,92,theorem,classicalCouplingThreshold_pos
Decoherence.DeepCoupling,Decoherence/DeepCoupling.lean,97,theorem,coupling_depth_is_spectrum
Decoherence.DeepCoupling,Decoherence/DeepCoupling.lean,118,inductive,DecoherenceState
Decoherence.DeepCoupling,Decoherence/DeepCoupling.lean,131,def,decoherenceStateFromDepth
Decoherence.DeepCoupling,Decoherence/DeepCoupling.lean,137,theorem,superposition_stage
Decoherence.DeepCoupling,Decoherence/DeepCoupling.lean,143,theorem,classical_stage
Decoherence.DeepCoupling,Decoherence/DeepCoupling.lean,152,theorem,determined_stage
Decoherence.DeepCoupling,Decoherence/DeepCoupling.lean,171,structure,DeepCrossLayerCoupling
Decoherence.DeepCoupling,Decoherence/DeepCoupling.lean,177,def,DeepCrossLayerCoupling.isDeterministic
Decoherence.DeepCoupling,Decoherence/DeepCoupling.lean,182,structure,ClassicalProbability
Decoherence.DeepCoupling,Decoherence/DeepCoupling.lean,196,axiom,uniquenessByDeepCoupling
Decoherence.DeepCoupling,Decoherence/DeepCoupling.lean,209,structure,Agency
Decoherence.DeepCoupling,Decoherence/DeepCoupling.lean,215,theorem,agency_enables_uniqueness
Decoherence.DeepCoupling,Decoherence/DeepCoupling.lean,241,structure,BootstrappedDeepCoupling
Decoherence.DeepCoupling,Decoherence/DeepCoupling.lean,249,structure,SituationalDeepCoupling
Decoherence.DeepCoupling,Decoherence/DeepCoupling.lean,253,theorem,bootstrapped_yields_uniqueness
Decoherence.DeepCoupling,Decoherence/DeepCoupling.lean,260,theorem,situational_yields_uniqueness
Decoherence.DeepCoupling,Decoherence/DeepCoupling.lean,273,axiom,layerNonReductionism
Decoherence.DeepCoupling,Decoherence/DeepCoupling.lean,299,inductive,UncertaintyForm
Decoherence.DeepCoupling,Decoherence/DeepCoupling.lean,306,def,uncertaintyFromDecoherence
Decoherence.DeepCoupling,Decoherence/DeepCoupling.lean,318,theorem,uncertainty_form_by_layer
FGChain.Basic,FGChain/Basic.lean,65,structure,ChainAGeometric
FGChain.Basic,FGChain/Basic.lean,74,theorem,ChainAGeometric.deficit_le_twoPi
FGChain.Basic,FGChain/Basic.lean,86,structure,ChainBSpectral
FGChain.Basic,FGChain/Basic.lean,98,theorem,chain_separation
FGChain.Basic,FGChain/Basic.lean,119,theorem,chainA_deficit_bounded
FGChain.BundleEOM,FGChain/BundleEOM.lean,28,structure,UOne
FGChain.BundleEOM,FGChain/BundleEOM.lean,35,def,UOne.one
FGChain.BundleEOM,FGChain/BundleEOM.lean,40,def,UOne.mul
FGChain.BundleEOM,FGChain/BundleEOM.lean,50,def,holonomyUOne
FGChain.BundleEOM,FGChain/BundleEOM.lean,69,def,holonomyTrivialUOne
FGChain.BundleEOM,FGChain/BundleEOM.lean,73,theorem,holonomyTrivialUOne_iff
FGChain.BundleEOM,FGChain/BundleEOM.lean,115,structure,BundleCurvature
FGChain.BundleEOM,FGChain/BundleEOM.lean,124,theorem,BundleCurvature.curvature_nonneg
FGChain.BundleEOM,FGChain/BundleEOM.lean,134,structure,SyncCurrent
FGChain.BundleEOM,FGChain/BundleEOM.lean,144,structure,BundleEOM
FGChain.BundleEOM,FGChain/BundleEOM.lean,153,theorem,BundleEOM.self_consistency
FGChain.BundleEOM,FGChain/BundleEOM.lean,165,def,BianchiIdentity
FGChain.BundleEOM,FGChain/BundleEOM.lean,169,theorem,BianchiIdentity_of_zero_curvature
FGChain.BundleEOM,FGChain/BundleEOM.lean,181,structure,SpectralDecomposition
FGChain.BundleEOM,FGChain/BundleEOM.lean,191,theorem,spectral_decomposition_to_shell
FGChain.CartanToShell,FGChain/CartanToShell.lean,47,def,a4DynkinNodeCount
FGChain.CartanToShell,FGChain/CartanToShell.lean,49,theorem,a4DynkinNodeCount_eq_rankSU5
FGChain.CartanToShell,FGChain/CartanToShell.lean,53,theorem,a4DynkinNodeCount_eq_cartanRank
FGChain.CartanToShell,FGChain/CartanToShell.lean,59,def,a4CoxeterNumber
FGChain.CartanToShell,FGChain/CartanToShell.lean,61,theorem,a4CoxeterNumber_eq_rank_plus_one
FGChain.CartanToShell,FGChain/CartanToShell.lean,68,def,dynkinDepth
FGChain.CartanToShell,FGChain/CartanToShell.lean,71,theorem,dynkinDepth_lt_four
FGChain.CartanToShell,FGChain/CartanToShell.lean,74,theorem,dynkinDepth_values
FGChain.CartanToShell,FGChain/CartanToShell.lean,86,def,shellLabel
FGChain.CartanToShell,FGChain/CartanToShell.lean,89,theorem,shellLabel_eq_dynkinDepth
FGChain.CartanToShell,FGChain/CartanToShell.lean,95,theorem,shellLabel_values
FGChain.CartanToShell,FGChain/CartanToShell.lean,101,def,maxShellLabel
FGChain.CartanToShell,FGChain/CartanToShell.lean,103,theorem,maxShellLabel_eq_3
FGChain.CartanToShell,FGChain/CartanToShell.lean,108,theorem,shellLabel_le_max
FGChain.CartanToShell,FGChain/CartanToShell.lean,113,theorem,gShell_forbidden
FGChain.CartanToShell,FGChain/CartanToShell.lean,122,def,casimirEigenvalue
FGChain.CartanToShell,FGChain/CartanToShell.lean,127,theorem,casimirEigenvalue_values
FGChain.CartanToShell,FGChain/CartanToShell.lean,140,theorem,casimirEigenvalue_pos
FGChain.CartanToShell,FGChain/CartanToShell.lean,151,theorem,casimirEigenvalue_strictMono
FGChain.CartanToShell,FGChain/CartanToShell.lean,168,def,shellCapacityFromCasimir
FGChain.CartanToShell,FGChain/CartanToShell.lean,171,theorem,shellCapacity_from_casimir
FGChain.CartanToShell,FGChain/CartanToShell.lean,175,theorem,shellCapacityFromCasimir_values
FGChain.CartanToShell,FGChain/CartanToShell.lean,183,theorem,shellCapacityFromCasimir_strictMono
FGChain.CartanToShell,FGChain/CartanToShell.lean,193,def,cumulativePeriodLength
FGChain.CartanToShell,FGChain/CartanToShell.lean,198,theorem,cumulativePeriodLength_values
FGChain.CartanToShell,FGChain/CartanToShell.lean,207,theorem,cumulativePeriodLength_strictMono
FGChain.CartanToShell,FGChain/CartanToShell.lean,220,theorem,cartanA4_positive_definite_link
FGChain.CartanToShell,FGChain/CartanToShell.lean,227,theorem,cartanA4_det_eq_coxeterNumber
FGChain.CartanToShell,FGChain/CartanToShell.lean,233,theorem,dynkinIndex_link
FGChain.CartanToShell,FGChain/CartanToShell.lean,241,def,madelungConformalDim
FGChain.CartanToShell,FGChain/CartanToShell.lean,244,theorem,madelungConformalDim_pos
FGChain.CartanToShell,FGChain/CartanToShell.lean,251,theorem,madelung_mono_in_shell
FGChain.CartanToShell,FGChain/CartanToShell.lean,260,theorem,cartan_to_shell_complete
FGChain.CurvatureDerivation,FGChain/CurvatureDerivation.lean,47,structure,ClassicalCurvature
FGChain.CurvatureDerivation,FGChain/CurvatureDerivation.lean,54,def,ClassicalCurvature.flat
FGChain.CurvatureDerivation,FGChain/CurvatureDerivation.lean,62,theorem,ClassicalCurvature.flat_deficit
FGChain.CurvatureDerivation,FGChain/CurvatureDerivation.lean,72,structure,PositionMomentumAlgebra
FGChain.CurvatureDerivation,FGChain/CurvatureDerivation.lean,81,structure,NormalMode
FGChain.CurvatureDerivation,FGChain/CurvatureDerivation.lean,93,theorem,phonon_algebra_from_position_momentum
FGChain.CurvatureDerivation,FGChain/CurvatureDerivation.lean,109,structure,CurvatureFluctuationOperator
FGChain.CurvatureDerivation,FGChain/CurvatureDerivation.lean,129,theorem,CurvatureFluctuationOperator.eigenvalue_nonneg
FGChain.CurvatureDerivation,FGChain/CurvatureDerivation.lean,146,theorem,CurvatureFluctuationOperator.eigenvalue_pos_of_nonzero
FGChain.CurvatureDerivation,FGChain/CurvatureDerivation.lean,202,structure,TotalCurvatureOperator
FGChain.CurvatureDerivation,FGChain/CurvatureDerivation.lean,213,theorem,TotalCurvatureOperator.eigenvalue_ge_classical
FGChain.CurvatureDerivation,FGChain/CurvatureDerivation.lean,222,theorem,TotalCurvatureOperator.eigenvalue_nonneg
FGChain.CurvatureDerivation,FGChain/CurvatureDerivation.lean,232,def,TotalCurvatureOperator.toCurvatureOperator
FGChain.CurvatureDerivation,FGChain/CurvatureDerivation.lean,248,theorem,curvature_quantum_is_phonon
FGChain.CurvatureDerivation,FGChain/CurvatureDerivation.lean,260,def,reggeBaseToTotalCurvature
FGChain.CurvatureDerivation,FGChain/CurvatureDerivation.lean,270,theorem,reggeBaseToTotalCurvature_classical
FGChain.CurvatureOperator,FGChain/CurvatureOperator.lean,43,structure,CurvatureOperator
FGChain.CurvatureOperator,FGChain/CurvatureOperator.lean,55,theorem,curvature_ground_positive
FGChain.CurvatureOperator,FGChain/CurvatureOperator.lean,58,theorem,curvature_eigen_nonneg
FGChain.CurvatureOperator,FGChain/CurvatureOperator.lean,66,structure,CouplingOperator
FGChain.CurvatureOperator,FGChain/CurvatureOperator.lean,73,def,couplingCoordinate
FGChain.CurvatureOperator,FGChain/CurvatureOperator.lean,77,theorem,couplingCoordinate_mono
FGChain.CurvatureOperator,FGChain/CurvatureOperator.lean,91,theorem,fg_uncertainty_link
FGChain.CurvatureOperator,FGChain/CurvatureOperator.lean,101,theorem,curvature_to_properTimeFlow
FGChain.CurvatureOperator,FGChain/CurvatureOperator.lean,110,theorem,curvature_coupling_threshold_pos
FGChain.CurvatureOperator,FGChain/CurvatureOperator.lean,122,theorem,transition_qualification_threshold_pos
FGChain.FiberBundle,FGChain/FiberBundle.lean,46,structure,DiscretePrincipalBundle
FGChain.FiberBundle,FGChain/FiberBundle.lean,55,def,holonomyPhase
FGChain.FiberBundle,FGChain/FiberBundle.lean,59,def,holonomyTrivialAt
FGChain.FiberBundle,FGChain/FiberBundle.lean,65,def,holonomyTrivial
FGChain.FiberBundle,FGChain/FiberBundle.lean,69,theorem,holonomyTrivialAt_of_zeroDeficit
FGChain.FiberBundle,FGChain/FiberBundle.lean,77,theorem,holonomyTrivial_of_zeroField
FGChain.FiberBundle,FGChain/FiberBundle.lean,88,structure,StructureGroupFluctuation
FGChain.FiberBundle,FGChain/FiberBundle.lean,99,def,StructureGroupFluctuation.uG
FGChain.FiberBundle,FGChain/FiberBundle.lean,103,theorem,StructureGroupFluctuation.uG_welldefined
FGChain.FiberBundle,FGChain/FiberBundle.lean,109,theorem,fluctuation_driven_by_curvature
FGChain.FiberBundle,FGChain/FiberBundle.lean,122,structure,RecombinationRecord
FGChain.FiberBundle,FGChain/FiberBundle.lean,136,theorem,subgroupRecombination
FGChain.FiberBundle,FGChain/FiberBundle.lean,142,theorem,groupOperator_spectrum_eq
FGChain.FiberBundle,FGChain/FiberBundle.lean,147,theorem,recombination_ordered_phase
FGChain.FiberBundle,FGChain/FiberBundle.lean,157,structure,UOneRepresentation
FGChain.FiberBundle,FGChain/FiberBundle.lean,162,def,UOneRepresentation_tensor
FGChain.FiberBundle,FGChain/FiberBundle.lean,168,structure,MatterField
FGChain.FiberBundle,FGChain/FiberBundle.lean,178,def,covariantShift
FGChain.FiberBundle,FGChain/FiberBundle.lean,184,def,MatterField.globallySynchronized
FGChain.FiberBundle,FGChain/FiberBundle.lean,188,theorem,constantPhase_synchronized
FGChain.Hierarchy,FGChain/Hierarchy.lean,28,inductive,FGLevel
FGChain.Hierarchy,FGChain/Hierarchy.lean,35,def,FGLevel.le
FGChain.Hierarchy,FGChain/Hierarchy.lean,58,structure,FGBundleQuad
FGChain.Hierarchy,FGChain/Hierarchy.lean,74,structure,LevelEmbedding
FGChain.Hierarchy,FGChain/Hierarchy.lean,83,theorem,electron_embeds_element
FGChain.Hierarchy,FGChain/Hierarchy.lean,89,theorem,element_embeds_molecule
FGChain.Hierarchy,FGChain/Hierarchy.lean,95,theorem,molecule_embeds_cell
FGChain.Hierarchy,FGChain/Hierarchy.lean,101,theorem,embedding_transitive
FGChain.Hierarchy,FGChain/Hierarchy.lean,111,structure,SpectralTransfer
FGChain.Hierarchy,FGChain/Hierarchy.lean,122,theorem,SpectralTransfer.positivity_preserved
FGChain.Hierarchy,FGChain/Hierarchy.lean,139,def,FGLevel.observable
FGChain.Hierarchy,FGChain/Hierarchy.lean,148,theorem,end_to_end_prediction_chain
FGChain.Observable,FGChain/Observable.lean,44,def,hydrogenLevel
FGChain.Observable,FGChain/Observable.lean,48,theorem,hydrogenLevel_neg
FGChain.Observable,FGChain/Observable.lean,57,theorem,hydrogenLevel_ground
FGChain.Observable,FGChain/Observable.lean,65,theorem,hydrogenLevel_rydberg
FGChain.Observable,FGChain/Observable.lean,71,theorem,hydrogenLevel_gap
FGChain.Observable,FGChain/Observable.lean,79,theorem,hydrogenLevel_antitone
FGChain.Observable,FGChain/Observable.lean,95,theorem,balmerSeries
FGChain.Observable,FGChain/Observable.lean,118,def,shellCapacity
FGChain.Observable,FGChain/Observable.lean,124,theorem,shellCapacity_eq_casimir
FGChain.Observable,FGChain/Observable.lean,132,theorem,shellCapacity_values
FGChain.Observable,FGChain/Observable.lean,145,def,cumulativeLength
FGChain.Observable,FGChain/Observable.lean,151,theorem,cumulativeLength_eq_period
FGChain.Observable,FGChain/Observable.lean,163,theorem,cumulativeLength_values
FGChain.Observable,FGChain/Observable.lean,178,def,transitionCoupling
FGChain.Observable,FGChain/Observable.lean,181,theorem,transitionCoupling_pos
FGChain.Observable,FGChain/Observable.lean,186,theorem,transitionCoupling_n2
FGChain.Observable,FGChain/Observable.lean,196,theorem,transitionCriterion_general
FGChain.Observable,FGChain/Observable.lean,209,def,bcsTcFormula
FGChain.Observable,FGChain/Observable.lean,214,theorem,bcsTcFormula_pos
FGChain.Observable,FGChain/Observable.lean,236,theorem,observable_chain_complete
FGChain.QuantumOscillation,FGChain/QuantumOscillation.lean,41,structure,CellOscillation
FGChain.QuantumOscillation,FGChain/QuantumOscillation.lean,52,def,CellOscillation.energyQuantum
FGChain.QuantumOscillation,FGChain/QuantumOscillation.lean,55,theorem,CellOscillation.energyQuantum_pos
FGChain.QuantumOscillation,FGChain/QuantumOscillation.lean,60,theorem,CellOscillation.energyQuantum_eq_period
FGChain.QuantumOscillation,FGChain/QuantumOscillation.lean,74,structure,OscillatorSpectrum
FGChain.QuantumOscillation,FGChain/QuantumOscillation.lean,84,theorem,oscillator_spectrum
FGChain.QuantumOscillation,FGChain/QuantumOscillation.lean,96,theorem,oscillator_spectrum_strictMono
FGChain.QuantumOscillation,FGChain/QuantumOscillation.lean,103,theorem,oscillator_zero_point_pos
FGChain.QuantumOscillation,FGChain/QuantumOscillation.lean,113,structure,PositionMomentumEnergy
FGChain.QuantumOscillation,FGChain/QuantumOscillation.lean,125,def,PositionMomentumEnergy.omega
FGChain.QuantumOscillation,FGChain/QuantumOscillation.lean,128,theorem,PositionMomentumEnergy.omega_pos
FGChain.QuantumOscillation,FGChain/QuantumOscillation.lean,136,theorem,triangle_relation
FGChain.QuantumOscillation,FGChain/QuantumOscillation.lean,145,theorem,spectrum_spacing_mono_in_stiffness
FGChain.ReggeBase,FGChain/ReggeBase.lean,37,def,CellDistribution
FGChain.ReggeBase,FGChain/ReggeBase.lean,43,structure,ReggeBaseSpace
FGChain.ReggeBase,FGChain/ReggeBase.lean,58,theorem,ReggeBaseSpace.deficit_eq_chainA
FGChain.ReggeBase,FGChain/ReggeBase.lean,67,theorem,two_chain_meet
FGChain.ReggeBase,FGChain/ReggeBase.lean,83,theorem,base_geometry_from_chainA_only
FGChain.ReggeBase,FGChain/ReggeBase.lean,95,def,baseEigen
FGChain.ReggeBase,FGChain/ReggeBase.lean,99,theorem,baseEigen_eq
FGChain.ReggeBase,FGChain/ReggeBase.lean,105,theorem,baseEigen_pos
FGChain.ReggeBase,FGChain/ReggeBase.lean,113,def,curvatureOperatorOf
FGChain.ReggeBase,FGChain/ReggeBase.lean,125,theorem,curvatureOperatorOf_eigen
FGChain.SyncOperator,FGChain/SyncOperator.lean,55,structure,SyncOperatorFull
FGChain.SyncOperator,FGChain/SyncOperator.lean,77,def,SyncOperatorFull.nucleonPart
FGChain.SyncOperator,FGChain/SyncOperator.lean,81,theorem,SyncOperatorFull.nucleonPart_pos
FGChain.SyncOperator,FGChain/SyncOperator.lean,92,def,SyncOperatorFull.casimirPart
FGChain.SyncOperator,FGChain/SyncOperator.lean,99,def,SyncOperatorFull.fullEigenvalue
FGChain.SyncOperator,FGChain/SyncOperator.lean,103,theorem,SyncOperatorFull.fullEigenvalue_eq_syncCost
FGChain.SyncOperator,FGChain/SyncOperator.lean,108,theorem,SyncOperatorFull.fullEigenvalue_pos
FGChain.SyncOperator,FGChain/SyncOperator.lean,119,structure,ConstraintEquation
FGChain.SyncOperator,FGChain/SyncOperator.lean,128,theorem,ConstraintEquation.couplingLevel_eq_casimir
FGChain.SyncOperator,FGChain/SyncOperator.lean,136,def,syncEigenstate
FGChain.SyncOperator,FGChain/SyncOperator.lean,141,theorem,syncEigenstate_normalized
FGChain.SyncOperator,FGChain/SyncOperator.lean,151,def,syncCost
FGChain.SyncOperator,FGChain/SyncOperator.lean,155,theorem,syncCost_pos
FGChain.SyncOperator,FGChain/SyncOperator.lean,165,theorem,syncCost_strictMono
FGChain.SyncOperator,FGChain/SyncOperator.lean,174,theorem,aufbau_order
FGChain.SyncOperator,FGChain/SyncOperator.lean,186,def,couplingHierarchy
FGChain.SyncOperator,FGChain/SyncOperator.lean,190,theorem,couplingHierarchy_ground
FGChain.SyncOperator,FGChain/SyncOperator.lean,196,theorem,couplingHierarchy_decreasing
FGChain.SyncOperator,FGChain/SyncOperator.lean,221,theorem,inverse_ground_couplingLevel
FGChain.SyncOperator,FGChain/SyncOperator.lean,226,theorem,couplingHierarchy_ratio_21
FGChain.SyncOperator,FGChain/SyncOperator.lean,240,theorem,syncSpectrum_to_shellCapacity
FGChain.SyncOperator,FGChain/SyncOperator.lean,257,theorem,syncOperator_to_observable_complete
FGChain.Synchronization,FGChain/Synchronization.lean,43,structure,SyncSpectrum
FGChain.Synchronization,FGChain/Synchronization.lean,57,theorem,zeroPoint_enters_sync_spectrum
FGChain.Synchronization,FGChain/Synchronization.lean,62,theorem,syncLevel_pos
FGChain.Synchronization,FGChain/Synchronization.lean,73,structure,SchrodingerAnalogy
FGChain.Synchronization,FGChain/Synchronization.lean,80,def,syncSchrodingerAnalogy
FGChain.Synchronization,FGChain/Synchronization.lean,89,structure,TemperatureSpectrum
FGChain.Synchronization,FGChain/Synchronization.lean,109,theorem,eigenvalueCrossing_exists
FGChain.Synchronization,FGChain/Synchronization.lean,134,theorem,crossing_is_critical
FGChain.Synchronization,FGChain/Synchronization.lean,145,structure,PhaseCriterion
FGChain.Synchronization,FGChain/Synchronization.lean,154,theorem,orderedPhase_of_positive_delta
FGChain.Synchronization,FGChain/Synchronization.lean,158,theorem,disorderedPhase_of_negative_delta
FGChain.Synchronization,FGChain/Synchronization.lean,167,structure,CFTPowerLaw
FGChain.Synchronization,FGChain/Synchronization.lean,178,def,CFTPowerLaw.h
FGChain.Synchronization,FGChain/Synchronization.lean,181,theorem,CFTPowerLaw.h_pos
FGChain.Synchronization,FGChain/Synchronization.lean,186,def,CFTPowerLaw.twoPoint
FGChain.Synchronization,FGChain/Synchronization.lean,190,theorem,CFTPowerLaw.twoPoint_pos
FGChain.Synchronization,FGChain/Synchronization.lean,197,theorem,CFTPowerLaw.twoPoint_antiMono
FGChain.Synchronization,FGChain/Synchronization.lean,207,theorem,madelung_mono_in_l
FGChain.Synchronization,FGChain/Synchronization.lean,216,structure,GlobalSyncCompletion
FGChain.Synchronization,FGChain/Synchronization.lean,229,inductive,SyncStage
FGChain.Synchronization,FGChain/Synchronization.lean,236,theorem,completion_stage_criterion
GN.AdeleJacobian,GN/AdeleJacobian.lean,37,def,detDinf
GN.AdeleJacobian,GN/AdeleJacobian.lean,40,def,detDprod
GN.AdeleJacobian,GN/AdeleJacobian.lean,46,def,tateSelfDual
GN.AdeleJacobian,GN/AdeleJacobian.lean,49,def,adeleJacobian
GN.AdeleJacobian,GN/AdeleJacobian.lean,54,lemma,selfDual_inv
GN.AdeleJacobian,GN/AdeleJacobian.lean,57,lemma,selfDual_inv'
GN.AdeleJacobian,GN/AdeleJacobian.lean,61,lemma,inv_mul_inv_eq_zpow_neg_two
GN.AdeleJacobian,GN/AdeleJacobian.lean,79,theorem,adele_jacobian_factor_two
GN.AdeleJacobian,GN/AdeleJacobian.lean,102,theorem,adeleJacobian_eq_inv_sq_of_selfDual
GN.AdeleJacobian,GN/AdeleJacobian.lean,109,theorem,adeleJacobian_log_eq
GN.AdeleJacobian,GN/AdeleJacobian.lean,123,def,adeleSpectralLog_eq_inv_qi
GN.AdeleJacobian,GN/AdeleJacobian.lean,127,lemma,adeleJacobian_pos'
GN.AdeleJacobian,GN/AdeleJacobian.lean,141,theorem,adeleJacobian_exp_form
GN.AdeleJacobian,GN/AdeleJacobian.lean,158,theorem,adeleJacobian_eq_hierarchyFactor
GN.AdeleJacobian,GN/AdeleJacobian.lean,168,theorem,tateSelfDual_placeholder
GN.AdeleJacobian,GN/AdeleJacobian.lean,173,theorem,adeleJacobian_placeholder
GN.Constructions,GN/Constructions.lean,50,theorem,spectralCorrection_combinatorial
GN.Constructions,GN/Constructions.lean,58,theorem,spectralCorrection_trace_denominator
GN.Constructions,GN/Constructions.lean,82,theorem,spectralCorrection_eq_main_add_correction
GN.Constructions,GN/Constructions.lean,89,theorem,spectralCorrection_main_is_face_ratio
GN.Constructions,GN/Constructions.lean,96,theorem,spectralCorrection_term_is_qi_over_cycle
GN.Constructions,GN/Constructions.lean,104,theorem,spectralCorrection_combinatorial_decomposition
GN.Constructions,GN/Constructions.lean,113,theorem,spectralCorrection_main_gt_one
GN.Constructions,GN/Constructions.lean,117,theorem,spectralCorrection_qi_term_pos
GN.Constructions,GN/Constructions.lean,134,def,firstCouplingExact
GN.Constructions,GN/Constructions.lean,139,theorem,firstCouplingExact_numerical_support
GN.Constructions,GN/Constructions.lean,150,def,gnProductCore
GN.Constructions,GN/Constructions.lean,156,theorem,gnProductCore_eq_GNFactor_at_C
GN.Constructions,GN/Constructions.lean,161,theorem,gnProductCore_pos
GN.Constructions,GN/Constructions.lean,166,theorem,gn_hierarchyFactor_eq_adeleJacobian
GN.Constructions,GN/Constructions.lean,175,theorem,gnProductCore_log
GN.Constructions,GN/Constructions.lean,203,theorem,gn_factors_all_pos
GN.SierraCQM,GN/SierraCQM.lean,49,def,sprinklingLength
GN.SierraCQM,GN/SierraCQM.lean,57,def,floquetMomentum
GN.SierraCQM,GN/SierraCQM.lean,61,def,couplingLevel
GN.SierraCQM,GN/SierraCQM.lean,71,theorem,floquetMomentum_eq
GN.SierraCQM,GN/SierraCQM.lean,88,theorem,floquetMomentum_deviation_lt
GN.SierraCQM,GN/SierraCQM.lean,115,theorem,floquet_level_deviation_le
GN.SierraCQM,GN/SierraCQM.lean,178,theorem,couplingLevel_deviation_le
GN.SierraCQM,GN/SierraCQM.lean,195,theorem,floquet_relative_error_le
GN.SierraCQM,GN/SierraCQM.lean,214,theorem,floquet_relative_error_le_five_quarters
GN.SimplexSpectrum,GN/SimplexSpectrum.lean,58,def,vertexCount
GN.SimplexSpectrum,GN/SimplexSpectrum.lean,61,def,simplexEdgesList
GN.SimplexSpectrum,GN/SimplexSpectrum.lean,68,def,simplexTrianglesList
GN.SimplexSpectrum,GN/SimplexSpectrum.lean,77,theorem,simplexEdgesList_length
GN.SimplexSpectrum,GN/SimplexSpectrum.lean,80,theorem,simplexTrianglesList_length
GN.SimplexSpectrum,GN/SimplexSpectrum.lean,83,theorem,simplexEdges_eq_choose
GN.SimplexSpectrum,GN/SimplexSpectrum.lean,87,theorem,simplexTriangles_eq_choose
GN.SimplexSpectrum,GN/SimplexSpectrum.lean,99,def,edgeFaceMatrix
GN.SimplexSpectrum,GN/SimplexSpectrum.lean,112,theorem,edgeFaceMatrix_symm
GN.SimplexSpectrum,GN/SimplexSpectrum.lean,119,theorem,edgeFaceMatrix_trace_eq_30
GN.SimplexSpectrum,GN/SimplexSpectrum.lean,123,theorem,trace_matches_spectrum_moments
GN.SimplexSpectrum,GN/SimplexSpectrum.lean,129,theorem,edgeFaceMatrix_trace_sq_eq_150
GN.SimplexSpectrum,GN/SimplexSpectrum.lean,134,theorem,trace_sq_matches_spectrum_moments
GN.SimplexSpectrum,GN/SimplexSpectrum.lean,142,def,allOnesVec
GN.SimplexSpectrum,GN/SimplexSpectrum.lean,149,theorem,edgeFaceMatrix_allOnes
GN.SimplexSpectrum,GN/SimplexSpectrum.lean,155,theorem,edgeFaceMatrix_mul_allOnes
GN.SimplexSpectrum,GN/SimplexSpectrum.lean,161,theorem,eigenvalue_nine_exists
GN.SimplexSpectrum,GN/SimplexSpectrum.lean,178,def,gVec
GN.SimplexSpectrum,GN/SimplexSpectrum.lean,186,def,cycVec
GN.SimplexSpectrum,GN/SimplexSpectrum.lean,196,def,eigValCol
GN.SimplexSpectrum,GN/SimplexSpectrum.lean,202,def,colVec
GN.SimplexSpectrum,GN/SimplexSpectrum.lean,215,def,eigBasisMat
GN.SimplexSpectrum,GN/SimplexSpectrum.lean,218,def,eigDiag
GN.SimplexSpectrum,GN/SimplexSpectrum.lean,220,theorem,colVec_zero
GN.SimplexSpectrum,GN/SimplexSpectrum.lean,222,theorem,colVec_g
GN.SimplexSpectrum,GN/SimplexSpectrum.lean,225,theorem,colVec_cyc
GN.SimplexSpectrum,GN/SimplexSpectrum.lean,228,theorem,eigValCol_zero
GN.SimplexSpectrum,GN/SimplexSpectrum.lean,230,theorem,eigValCol_g
GN.SimplexSpectrum,GN/SimplexSpectrum.lean,233,theorem,eigValCol_cyc
GN.SimplexSpectrum,GN/SimplexSpectrum.lean,237,theorem,colVec_ne_zero
GN.SimplexSpectrum,GN/SimplexSpectrum.lean,240,theorem,gVec_ne_zero
GN.SimplexSpectrum,GN/SimplexSpectrum.lean,243,theorem,cycVec_ne_zero
GN.SimplexSpectrum,GN/SimplexSpectrum.lean,247,theorem,edgeFaceMatrix_colVec_eigen
GN.SimplexSpectrum,GN/SimplexSpectrum.lean,254,theorem,edgeFaceMatrix_mul_eigBasis
GN.SimplexSpectrum,GN/SimplexSpectrum.lean,266,def,gEvalMat
GN.SimplexSpectrum,GN/SimplexSpectrum.lean,269,theorem,gEvalMat_det_ne_zero
GN.SimplexSpectrum,GN/SimplexSpectrum.lean,273,def,cycEvalMat
GN.SimplexSpectrum,GN/SimplexSpectrum.lean,276,theorem,cycEvalMat_det_ne_zero
GN.SimplexSpectrum,GN/SimplexSpectrum.lean,280,theorem,gVec_linearIndependent
GN.SimplexSpectrum,GN/SimplexSpectrum.lean,312,theorem,cycVec_linearIndependent
GN.SimplexSpectrum,GN/SimplexSpectrum.lean,344,theorem,mem_eigenspace_colVec
GN.SimplexSpectrum,GN/SimplexSpectrum.lean,351,theorem,hasEigenvector_colVec
GN.SimplexSpectrum,GN/SimplexSpectrum.lean,356,theorem,disjoint_eig_9_4
GN.SimplexSpectrum,GN/SimplexSpectrum.lean,361,theorem,disjoint_eig_9_1
GN.SimplexSpectrum,GN/SimplexSpectrum.lean,366,theorem,disjoint_eig_4_1
GN.SimplexSpectrum,GN/SimplexSpectrum.lean,371,theorem,ones_in_eigenspace
GN.SimplexSpectrum,GN/SimplexSpectrum.lean,376,theorem,g_in_eigenspace
GN.SimplexSpectrum,GN/SimplexSpectrum.lean,381,theorem,cyc_in_eigenspace
GN.SimplexSpectrum,GN/SimplexSpectrum.lean,388,def,splitIdxAux
GN.SimplexSpectrum,GN/SimplexSpectrum.lean,395,def,splitIdx
GN.SimplexSpectrum,GN/SimplexSpectrum.lean,399,def,colGrouped
GN.SimplexSpectrum,GN/SimplexSpectrum.lean,402,theorem,allOnesVec_ne_zero
GN.SimplexSpectrum,GN/SimplexSpectrum.lean,407,theorem,splitIdx_injective
GN.SimplexSpectrum,GN/SimplexSpectrum.lean,411,theorem,colVec_eq_grouped
GN.SimplexSpectrum,GN/SimplexSpectrum.lean,415,theorem,colGrouped_linearIndependent
GN.SimplexSpectrum,GN/SimplexSpectrum.lean,483,theorem,colVec_linearIndependent
GN.SimplexSpectrum,GN/SimplexSpectrum.lean,488,theorem,eigBasisMat_det_ne_zero
GN.SimplexSpectrum,GN/SimplexSpectrum.lean,505,def,castQ
GN.SimplexSpectrum,GN/SimplexSpectrum.lean,508,theorem,castQ_det_ne_zero
GN.SimplexSpectrum,GN/SimplexSpectrum.lean,516,theorem,castQ_isUnit
GN.SimplexSpectrum,GN/SimplexSpectrum.lean,519,theorem,castQ_eigDiag
GN.SimplexSpectrum,GN/SimplexSpectrum.lean,523,theorem,castQ_conj
GN.SimplexSpectrum,GN/SimplexSpectrum.lean,538,theorem,castQ_charpoly_eq
GN.SimplexSpectrum,GN/SimplexSpectrum.lean,552,theorem,castQ_eigDiag_charpoly
GN.SimplexSpectrum,GN/SimplexSpectrum.lean,557,theorem,eigVal_product_Q
GN.SimplexSpectrum,GN/SimplexSpectrum.lean,601,theorem,edgeFaceMatrix_charpoly
GN.SimplexSpectrum,GN/SimplexSpectrum.lean,625,theorem,simplex_face_counts
GN.SimplexSpectrum,GN/SimplexSpectrum.lean,634,def,simplexNonemptyFaces
GN.SimplexSpectrum,GN/SimplexSpectrum.lean,638,theorem,simplexNonemptyFaces_eq_31
GN.SimplexSpectrum,GN/SimplexSpectrum.lean,643,theorem,simplexNonemptyFaces_eq_two_pow_sub_one
GN.SimplexSpectrum,GN/SimplexSpectrum.lean,649,theorem,simplex_all_subsets
GN.SimplexSpectrum,GN/SimplexSpectrum.lean,656,theorem,simplex_fVector_matches
GN.SimplexSpectrum,GN/SimplexSpectrum.lean,663,theorem,nonemptyFaces_eq_fVector_sum_add_one
GN.SimplexSpectrum,GN/SimplexSpectrum.lean,670,theorem,kappa_numerator_faces
GN.SimplexSpectrum,GN/SimplexSpectrum.lean,676,theorem,kappa_denominator_trace
GN.TripleIdentity,GN/TripleIdentity.lean,41,theorem,log_four_eq
GN.TripleIdentity,GN/TripleIdentity.lean,54,theorem,spectralQuantum_closedForm
GN.TripleIdentity,GN/TripleIdentity.lean,73,def,liCoeffOne
GN.TripleIdentity,GN/TripleIdentity.lean,79,theorem,liCoeffOne_eq_spectralQuantum
GN.TripleIdentity,GN/TripleIdentity.lean,84,theorem,liCoeffOne_closedForm
GN.TripleIdentity,GN/TripleIdentity.lean,92,theorem,liCoeffOne_pos
GN.TripleIdentity,GN/TripleIdentity.lean,97,theorem,liCoeffOne_numerical_bounds
GN.TripleIdentity,GN/TripleIdentity.lean,109,def,leclairConstant
GN.TripleIdentity,GN/TripleIdentity.lean,113,theorem,log_two_sqrt_pi
GN.TripleIdentity,GN/TripleIdentity.lean,123,def,leclairConstantCompact
GN.TripleIdentity,GN/TripleIdentity.lean,127,theorem,leclairConstantCompact_eq
GN.TripleIdentity,GN/TripleIdentity.lean,135,theorem,leclairConstant_eq_neg_spectralQuantum
GN.TripleIdentity,GN/TripleIdentity.lean,142,theorem,leclairConstantCompact_eq_neg_spectralQuantum
GN.TripleIdentity,GN/TripleIdentity.lean,147,theorem,leclairConstant_neg
GN.TripleIdentity,GN/TripleIdentity.lean,160,theorem,spectralQuantum_triple_identity
GN.TripleIdentity,GN/TripleIdentity.lean,165,theorem,liCoeffOne_eq_neg_leclairConstant
Methodology.Basic,Methodology/Basic.lean,99,abbrev,MaterialStructure
Methodology.Basic,Methodology/Basic.lean,102,abbrev,UpperStructure
Methodology.Basic,Methodology/Basic.lean,114,abbrev,SubsidiaryAttributeSpace
Methodology.Basic,Methodology/Basic.lean,118,abbrev,BasicDegreeOfFreedom
Methodology.Basic,Methodology/Basic.lean,131,structure,FiniteOntology
Methodology.Basic,Methodology/Basic.lean,137,axiom,actualizableAttributes
Methodology.Basic,Methodology/Basic.lean,141,axiom,actualizableAttributes_finite
Methodology.Basic,Methodology/Basic.lean,150,def,basicDOF
Methodology.Basic,Methodology/Basic.lean,153,axiom,basicDOF_nonneg
Methodology.Basic,Methodology/Basic.lean,159,axiom,basicDOF_support
Methodology.Basic,Methodology/Basic.lean,165,theorem,basicDOF_determined_by_ontology
Methodology.Basic,Methodology/Basic.lean,179,def,illuminationDegree
Methodology.Basic,Methodology/Basic.lean,182,axiom,illuminationDegree_range
Methodology.Basic,Methodology/Basic.lean,188,def,reproductionOffset
Methodology.Basic,Methodology/Basic.lean,192,theorem,reproductionOffset_zero_when_ideal
Methodology.Basic,Methodology/Basic.lean,201,theorem,reproductionOffset_one_when_unlit
Methodology.Basic,Methodology/Basic.lean,211,axiom,ontologyDevelopsInto
Methodology.Basic,Methodology/Basic.lean,214,axiom,ontologyDevelopsInto_irreflexive
Methodology.Basic,Methodology/Basic.lean,218,theorem,ontologyDevelopsInto_distinct
Methodology.Basic,Methodology/Basic.lean,228,def,causalPotential
Methodology.Basic,Methodology/Basic.lean,238,def,couplingDepth
Methodology.Basic,Methodology/Basic.lean,243,def,reproductionDecay
Methodology.Basic,Methodology/Basic.lean,256,def,emergentProperty
Methodology.Basic,Methodology/Basic.lean,266,axiom,emergentProperty_false_when_no_coupling
Methodology.Basic,Methodology/Basic.lean,272,axiom,emergentProperty_unstable_when_infinite_decay
Methodology.Basic,Methodology/Basic.lean,279,theorem,emergentProperty_requires_coupling
Methodology.Basic,Methodology/Basic.lean,293,theorem,basicDOF_contributes_to_emergence
Methodology.Basic,Methodology/Basic.lean,316,abbrev,MeasurementOutcome
Methodology.Basic,Methodology/Basic.lean,319,abbrev,MeasurementSetting
Methodology.Basic,Methodology/Basic.lean,322,abbrev,HiddenVariable
Methodology.Basic,Methodology/Basic.lean,325,abbrev,CouplingField
Methodology.Basic,Methodology/Basic.lean,329,def,vulgarHVTDecomposition
Methodology.Basic,Methodology/Basic.lean,339,def,cqmDeepCouplingForm
Methodology.Basic,Methodology/Basic.lean,352,axiom,deepCoupling_breaks_factorization
Methodology.Basic,Methodology/Basic.lean,369,lemma,exists_pos_mutualInformationChange
Methodology.Basic,Methodology/Basic.lean,377,def,mutualInformationChange
Methodology.Basic,Methodology/Basic.lean,383,theorem,mutualInformationChange_positive
PhysicalConstants.Basic,PhysicalConstants/Basic.lean,42,def,protonMass
PhysicalConstants.Basic,PhysicalConstants/Basic.lean,45,theorem,protonMass_pos
PhysicalConstants.Basic,PhysicalConstants/Basic.lean,49,theorem,protonMass_unit
PhysicalConstants.Basic,PhysicalConstants/Basic.lean,64,def,GN_spectral_formula
PhysicalConstants.Basic,PhysicalConstants/Basic.lean,70,def,GN_natural
PhysicalConstants.Basic,PhysicalConstants/Basic.lean,73,def,GN_SI
PhysicalConstants.Basic,PhysicalConstants/Basic.lean,77,theorem,GN_spectral_formula_pos
PhysicalConstants.Basic,PhysicalConstants/Basic.lean,101,theorem,GN_spectral_formula_decomposed
PhysicalConstants.Basic,PhysicalConstants/Basic.lean,169,def,alpha_inverse_SU5_group_factor
PhysicalConstants.Basic,PhysicalConstants/Basic.lean,173,def,alpha_numerator
PhysicalConstants.Basic,PhysicalConstants/Basic.lean,176,def,alpha_denominator
PhysicalConstants.Basic,PhysicalConstants/Basic.lean,179,theorem,group_factor_eq_16384_div_375
PhysicalConstants.Basic,PhysicalConstants/Basic.lean,185,theorem,group_factor_decomposed
PhysicalConstants.Basic,PhysicalConstants/Basic.lean,190,theorem,group_factor_pos
PhysicalConstants.Basic,PhysicalConstants/Basic.lean,195,theorem,group_factor_approx
PhysicalConstants.Basic,PhysicalConstants/Basic.lean,208,def,alpha_inverse_SU5
PhysicalConstants.Basic,PhysicalConstants/Basic.lean,212,theorem,alpha_inverse_SU5_explicit
PhysicalConstants.Basic,PhysicalConstants/Basic.lean,224,theorem,alpha_inverse_SU5_group_decomposition
PhysicalConstants.Basic,PhysicalConstants/Basic.lean,230,theorem,alpha_inverse_SU5_pos
PhysicalConstants.Basic,PhysicalConstants/Basic.lean,235,theorem,alpha_inverse_SU5_gt_100
PhysicalConstants.Basic,PhysicalConstants/Basic.lean,249,theorem,alpha_inverse_SU5_lt_140
PhysicalConstants.Basic,PhysicalConstants/Basic.lean,262,theorem,alpha_inverse_SU5_range
PhysicalConstants.Basic,PhysicalConstants/Basic.lean,287,def,alpha_SU5
PhysicalConstants.Basic,PhysicalConstants/Basic.lean,290,theorem,alpha_SU5_pos
PhysicalConstants.Basic,PhysicalConstants/Basic.lean,296,theorem,alpha_SU5_lt_001
PhysicalConstants.Basic,PhysicalConstants/Basic.lean,306,theorem,alpha_SU5_gt_0007
PhysicalConstants.Basic,PhysicalConstants/Basic.lean,333,def,GN_CODATA
PhysicalConstants.Basic,PhysicalConstants/Basic.lean,336,def,GN_CQM_prediction
PhysicalConstants.Basic,PhysicalConstants/Basic.lean,341,def,GN_relative_deviation_ppm
PhysicalConstants.Basic,PhysicalConstants/Basic.lean,345,theorem,GN_deviation_approx_neg_3_ppm
PhysicalConstants.Basic,PhysicalConstants/Basic.lean,351,theorem,GN_CQM_precision
PhysicalConstants.Basic,PhysicalConstants/Basic.lean,359,def,planckMass
PhysicalConstants.Basic,PhysicalConstants/Basic.lean,364,def,protonPlanckRatio
PhysicalConstants.Basic,PhysicalConstants/Basic.lean,367,def,hierarchyFactor
PhysicalConstants.Basic,PhysicalConstants/Basic.lean,370,theorem,hierarchyFactor_pos
PrimeGeometry.Basic,PrimeGeometry/Basic.lean,49,abbrev,ReproductionTime
PrimeGeometry.Basic,PrimeGeometry/Basic.lean,52,def,ReproductionTime.pos
PrimeGeometry.Basic,PrimeGeometry/Basic.lean,67,structure,CausalPolygon
PrimeGeometry.Basic,PrimeGeometry/Basic.lean,74,def,CausalPolygon.sideLength
PrimeGeometry.Basic,PrimeGeometry/Basic.lean,78,theorem,CausalPolygon.sideLength_pos
PrimeGeometry.Basic,PrimeGeometry/Basic.lean,87,theorem,CausalPolygon.isClosed
PrimeGeometry.Basic,PrimeGeometry/Basic.lean,100,structure,CausalSegment
PrimeGeometry.Basic,PrimeGeometry/Basic.lean,107,def,CausalSegment.ofCausalPolygon
PrimeGeometry.Basic,PrimeGeometry/Basic.lean,113,theorem,CausalSegment.ofCausalPolygon_arcLength
PrimeGeometry.Basic,PrimeGeometry/Basic.lean,125,def,CausalTimePosition
PrimeGeometry.Basic,PrimeGeometry/Basic.lean,130,theorem,causalTimePosition_periodic
PrimeGeometry.Basic,PrimeGeometry/Basic.lean,140,theorem,causalTimePosition_range
PrimeGeometry.Basic,PrimeGeometry/Basic.lean,173,def,equilateralTriangle
PrimeGeometry.Basic,PrimeGeometry/Basic.lean,180,theorem,equilateralTriangle_arcs_equal
PrimeGeometry.Basic,PrimeGeometry/Basic.lean,184,theorem,equilateralTriangle_perimeter
PrimeGeometry.Basic,PrimeGeometry/Basic.lean,205,def,CausalPolygon.isDegenerate
PrimeGeometry.Basic,PrimeGeometry/Basic.lean,208,def,CausalPolygon.isNonDegenerate
PrimeGeometry.Basic,PrimeGeometry/Basic.lean,222,theorem,triangleIsMinimal
PrimeGeometry.Basic,PrimeGeometry/Basic.lean,227,theorem,degenerate_causal_n1
PrimeGeometry.Basic,PrimeGeometry/Basic.lean,233,theorem,degenerate_causal_n1_sideLength
PrimeGeometry.Basic,PrimeGeometry/Basic.lean,240,theorem,degenerate_causal_n2
PrimeGeometry.Basic,PrimeGeometry/Basic.lean,246,theorem,degenerate_causal_n2_zero_area
PrimeGeometry.Basic,PrimeGeometry/Basic.lean,253,theorem,minimal_non_degenerate_causal_n
PrimeGeometry.Basic,PrimeGeometry/Basic.lean,272,theorem,triangle_is_first_non_degenerate
PrimeGeometry.Basic,PrimeGeometry/Basic.lean,278,theorem,triangle_sides_eq_activePrimes_count
PrimeGeometry.Basic,PrimeGeometry/Basic.lean,282,def,triangleVertexCount
PrimeGeometry.Basic,PrimeGeometry/Basic.lean,285,theorem,triangle_euler_char_zero
PrimeGeometry.Compton,PrimeGeometry/Compton.lean,59,structure,CausalLoop
PrimeGeometry.Compton,PrimeGeometry/Compton.lean,64,def,CausalLoop.circumference
PrimeGeometry.Compton,PrimeGeometry/Compton.lean,68,def,CausalLoop.reproductionFrequency
PrimeGeometry.Compton,PrimeGeometry/Compton.lean,72,theorem,CausalLoop.reproductionFrequency_pos
PrimeGeometry.Compton,PrimeGeometry/Compton.lean,83,axiom,causalChainSelfClosure
PrimeGeometry.Compton,PrimeGeometry/Compton.lean,89,def,causalChainLength
PrimeGeometry.Compton,PrimeGeometry/Compton.lean,92,theorem,causalChainLength_pos
PrimeGeometry.Compton,PrimeGeometry/Compton.lean,104,def,comptonWavelength
PrimeGeometry.Compton,PrimeGeometry/Compton.lean,107,theorem,comptonWavelength_pos
PrimeGeometry.Compton,PrimeGeometry/Compton.lean,112,theorem,comptonWavelength_anti_monotone
PrimeGeometry.Compton,PrimeGeometry/Compton.lean,126,def,massFromCausalChainLength
PrimeGeometry.Compton,PrimeGeometry/Compton.lean,129,theorem,massFromCausalChainLength_pos
PrimeGeometry.Compton,PrimeGeometry/Compton.lean,134,theorem,massFromCausalChainLength_anti_monotone
PrimeGeometry.Compton,PrimeGeometry/Compton.lean,140,theorem,massFromCausalChainLength_eq_compton
PrimeGeometry.Compton,PrimeGeometry/Compton.lean,149,theorem,massFromEquilateralTriangle
PrimeGeometry.Compton,PrimeGeometry/Compton.lean,158,theorem,equilateralTriangle_masses_equal
PrimeGeometry.Compton,PrimeGeometry/Compton.lean,177,theorem,probabilityMassInverse
PrimeGeometry.Compton,PrimeGeometry/Compton.lean,184,theorem,probabilityMassInverse_triangle
PrimeGeometry.Compton,PrimeGeometry/Compton.lean,193,theorem,stabilityFromProbability
PrimeGeometry.Compton,PrimeGeometry/Compton.lean,222,def,decayRate
PrimeGeometry.Compton,PrimeGeometry/Compton.lean,225,theorem,decayRate_pos
PrimeGeometry.Compton,PrimeGeometry/Compton.lean,231,theorem,decayRate_mass_relation
PrimeGeometry.Compton,PrimeGeometry/Compton.lean,237,theorem,decayRate_inverse_probability
PrimeGeometry.Compton,PrimeGeometry/Compton.lean,243,theorem,decayRate_proportional_mass
PrimeGeometry.Compton,PrimeGeometry/Compton.lean,260,def,electronMass
PrimeGeometry.Compton,PrimeGeometry/Compton.lean,263,def,muonMass
PrimeGeometry.Compton,PrimeGeometry/Compton.lean,266,def,tauMass
PrimeGeometry.Compton,PrimeGeometry/Compton.lean,271,axiom,leptonMassOrdering
PrimeGeometry.Compton,PrimeGeometry/Compton.lean,274,theorem,electron_is_lightest
PrimeGeometry.Compton,PrimeGeometry/Compton.lean,279,theorem,tau_is_heaviest
PrimeGeometry.Compton,PrimeGeometry/Compton.lean,284,theorem,muon_electron_ratio
PrimeGeometry.Compton,PrimeGeometry/Compton.lean,288,theorem,tau_electron_ratio
PrimeGeometry.Generation,PrimeGeometry/Generation.lean,48,def,generationCount
PrimeGeometry.Generation,PrimeGeometry/Generation.lean,52,theorem,generationCount_eq_triangle_sides
PrimeGeometry.Generation,PrimeGeometry/Generation.lean,58,theorem,generationCount_eq_activePrimes
PrimeGeometry.Generation,PrimeGeometry/Generation.lean,68,theorem,generationCount_eq_rank_minus_one
PrimeGeometry.Generation,PrimeGeometry/Generation.lean,81,theorem,generationCount_topological_necessity
PrimeGeometry.Generation,PrimeGeometry/Generation.lean,86,theorem,three_is_topological_necessity
PrimeGeometry.Generation,PrimeGeometry/Generation.lean,94,theorem,simplex_vertices_from_triangle
PrimeGeometry.Generation,PrimeGeometry/Generation.lean,100,theorem,simplex_edges_from_triangle
PrimeGeometry.Generation,PrimeGeometry/Generation.lean,106,theorem,eulerChar_preserved_under_extension
PrimeGeometry.Generation,PrimeGeometry/Generation.lean,113,theorem,eulerChar_conserved
PrimeGeometry.Generation,PrimeGeometry/Generation.lean,121,theorem,fVector_palindromic_both
PrimeGeometry.Particle,PrimeGeometry/Particle.lean,50,def,isFermion
PrimeGeometry.Particle,PrimeGeometry/Particle.lean,56,def,isBoson
PrimeGeometry.Particle,PrimeGeometry/Particle.lean,62,def,isVacuum
PrimeGeometry.Particle,PrimeGeometry/Particle.lean,65,theorem,particle_classification_exhaustive
PrimeGeometry.Particle,PrimeGeometry/Particle.lean,76,theorem,fermion_not_boson
PrimeGeometry.Particle,PrimeGeometry/Particle.lean,82,theorem,vacuum_not_fermion_not_boson
PrimeGeometry.Particle,PrimeGeometry/Particle.lean,91,theorem,two_is_fermion
PrimeGeometry.Particle,PrimeGeometry/Particle.lean,94,theorem,four_is_boson
PrimeGeometry.Particle,PrimeGeometry/Particle.lean,101,theorem,vacuum_unique
PrimeGeometry.Particle,PrimeGeometry/Particle.lean,109,theorem,activePrimes_are_fermions
PrimeGeometry.Particle,PrimeGeometry/Particle.lean,114,theorem,activeFermions_count_three
PrimeGeometry.Particle,PrimeGeometry/Particle.lean,123,theorem,frozenPrimes_are_fermions_but_inactive
PrimeGeometry.Particle,PrimeGeometry/Particle.lean,135,theorem,six_is_boson
PrimeGeometry.Particle,PrimeGeometry/Particle.lean,152,def,gaugeBosonExchange
PrimeGeometry.Spin,PrimeGeometry/Spin.lean,52,inductive,CausalOrientation
PrimeGeometry.Spin,PrimeGeometry/Spin.lean,58,def,CausalOrientation.flip
PrimeGeometry.Spin,PrimeGeometry/Spin.lean,64,theorem,CausalOrientation.flip_flip
PrimeGeometry.Spin,PrimeGeometry/Spin.lean,68,theorem,CausalOrientation.flip_involutive
PrimeGeometry.Spin,PrimeGeometry/Spin.lean,77,def,CausalOrientation.mul
PrimeGeometry.Spin,PrimeGeometry/Spin.lean,84,theorem,CausalOrientation.mul_cw
PrimeGeometry.Spin,PrimeGeometry/Spin.lean,88,theorem,CausalOrientation.mul_cw_right
PrimeGeometry.Spin,PrimeGeometry/Spin.lean,93,theorem,CausalOrientation.mul_ccw_ccw
PrimeGeometry.Spin,PrimeGeometry/Spin.lean,97,theorem,CausalOrientation.self_inverse
PrimeGeometry.Spin,PrimeGeometry/Spin.lean,101,theorem,CausalOrientation.mul_comm
PrimeGeometry.Spin,PrimeGeometry/Spin.lean,119,def,spinHalf
PrimeGeometry.Spin,PrimeGeometry/Spin.lean,122,def,spinUp
PrimeGeometry.Spin,PrimeGeometry/Spin.lean,125,def,spinDown
PrimeGeometry.Spin,PrimeGeometry/Spin.lean,128,def,spinFlip
PrimeGeometry.Spin,PrimeGeometry/Spin.lean,135,theorem,spinFlip_twice
PrimeGeometry.Spin,PrimeGeometry/Spin.lean,139,theorem,spinHalf_two_states
PrimeGeometry.Spin,PrimeGeometry/Spin.lean,143,theorem,spinUp_ne_spinDown
PrimeGeometry.Spin,PrimeGeometry/Spin.lean,149,theorem,spinFlip_involutive
PrimeGeometry.Spin,PrimeGeometry/Spin.lean,161,def,CausalPolygon.edgeOrientation
PrimeGeometry.Spin,PrimeGeometry/Spin.lean,170,theorem,triangle_orientation_consistency
PrimeGeometry.WindingDensity,PrimeGeometry/WindingDensity.lean,54,def,isIrreducibleReproduction
PrimeGeometry.WindingDensity,PrimeGeometry/WindingDensity.lean,58,def,activePrimeSet
PrimeGeometry.WindingDensity,PrimeGeometry/WindingDensity.lean,61,theorem,activePrimeSet_eq_activePrimes
PrimeGeometry.WindingDensity,PrimeGeometry/WindingDensity.lean,64,theorem,activePrimeSet_card_eq_three
PrimeGeometry.WindingDensity,PrimeGeometry/WindingDensity.lean,68,theorem,activePrimeSet_all_prime
PrimeGeometry.WindingDensity,PrimeGeometry/WindingDensity.lean,78,theorem,activePrimeSet_prod_eq_30
PrimeGeometry.WindingDensity,PrimeGeometry/WindingDensity.lean,108,def,globalWindingDensity
PrimeGeometry.WindingDensity,PrimeGeometry/WindingDensity.lean,121,def,primeWindingDensity
PrimeGeometry.WindingDensity,PrimeGeometry/WindingDensity.lean,133,axiom,windingDensityConvergence
PrimeGeometry.WindingDensity,PrimeGeometry/WindingDensity.lean,147,theorem,totalProbabilityConservation
PrimeGeometry.WindingDensity,PrimeGeometry/WindingDensity.lean,160,theorem,totalProbabilityConservation_triangle
PrimeGeometry.WindingDensity,PrimeGeometry/WindingDensity.lean,169,theorem,triangle_circumference_vs_sideLength
PrimeGeometry.WindingDensity,PrimeGeometry/WindingDensity.lean,177,theorem,triangle_density_sum
PrimeGeometry.WindingDensity,PrimeGeometry/WindingDensity.lean,193,theorem,triangle_sides_eq_activePrimes
PrimeGeometry.WindingDensity,PrimeGeometry/WindingDensity.lean,198,theorem,windingDensity_agrees_with_activePrimes
PrimeGeometry.WindingDensity,PrimeGeometry/WindingDensity.lean,204,theorem,frozenPrime_density_zero
PrimeGeometry.WindingDensity,PrimeGeometry/WindingDensity.lean,212,theorem,activePrimes_irreducible
SpectralGeometry.Basic,SpectralGeometry/Basic.lean,68,def,spectralQuantum
SpectralGeometry.Basic,SpectralGeometry/Basic.lean,82,axiom,spectralQuantum_numerical_bounds
SpectralGeometry.Basic,SpectralGeometry/Basic.lean,86,theorem,spectralQuantum_pos
SpectralGeometry.Basic,SpectralGeometry/Basic.lean,91,theorem,spectralQuantum_lt_one
SpectralGeometry.Basic,SpectralGeometry/Basic.lean,96,theorem,spectralQuantum_inv_pos
SpectralGeometry.Basic,SpectralGeometry/Basic.lean,102,theorem,spectralQuantum_inv_gt_40
SpectralGeometry.Basic,SpectralGeometry/Basic.lean,115,theorem,spectralQuantum_lt_eigenvalue1
SpectralGeometry.Basic,SpectralGeometry/Basic.lean,138,def,mathieuCritical
SpectralGeometry.Basic,SpectralGeometry/Basic.lean,141,theorem,mathieuCritical_pos
SpectralGeometry.Basic,SpectralGeometry/Basic.lean,148,theorem,mathieuCritical_lt_132
SpectralGeometry.Basic,SpectralGeometry/Basic.lean,153,theorem,mathieuCritical_gt_131
SpectralGeometry.Basic,SpectralGeometry/Basic.lean,159,theorem,mathieuCritical_numerical_approx
SpectralGeometry.Basic,SpectralGeometry/Basic.lean,165,theorem,mathieuCritical_vs_eigenvalue4
SpectralGeometry.Basic,SpectralGeometry/Basic.lean,189,def,firstCoupling
SpectralGeometry.Basic,SpectralGeometry/Basic.lean,192,theorem,firstCoupling_pos
SpectralGeometry.Basic,SpectralGeometry/Basic.lean,196,theorem,firstCoupling_gt_100
SpectralGeometry.Basic,SpectralGeometry/Basic.lean,208,def,sierraCQMTheorem
SpectralGeometry.Basic,SpectralGeometry/Basic.lean,212,def,riemannZero1
SpectralGeometry.Basic,SpectralGeometry/Basic.lean,215,def,sierraCQM_n1
SpectralGeometry.Basic,SpectralGeometry/Basic.lean,218,theorem,sierraCQM_n1_value
SpectralGeometry.Basic,SpectralGeometry/Basic.lean,226,def,adeleCycle
SpectralGeometry.Basic,SpectralGeometry/Basic.lean,229,theorem,adeleCycle_eq_30
SpectralGeometry.Basic,SpectralGeometry/Basic.lean,234,def,simplexFVectorSum
SpectralGeometry.Basic,SpectralGeometry/Basic.lean,237,theorem,simplexFVectorSum_eq_30
SpectralGeometry.Basic,SpectralGeometry/Basic.lean,242,theorem,simplexFVectorSum_eq_adeleCycle
SpectralGeometry.Basic,SpectralGeometry/Basic.lean,255,def,spectralCorrection
SpectralGeometry.Basic,SpectralGeometry/Basic.lean,258,theorem,spectralCorrection_gt_one
SpectralGeometry.Basic,SpectralGeometry/Basic.lean,264,theorem,spectralCorrection_expanded
SpectralGeometry.Basic,SpectralGeometry/Basic.lean,269,theorem,spectralCorrection_formula
SpectralGeometry.Basic,SpectralGeometry/Basic.lean,274,theorem,spectralCorrection_gt_one_strong
SpectralGeometry.Basic,SpectralGeometry/Basic.lean,282,theorem,spectralCorrection_range
SpectralGeometry.Basic,SpectralGeometry/Basic.lean,299,def,GNFactor
SpectralGeometry.Basic,SpectralGeometry/Basic.lean,303,theorem,GNFactor_pos
SpectralGeometry.Basic,SpectralGeometry/Basic.lean,322,def,GNFactor_decomposed
SpectralGeometry.Basic,SpectralGeometry/Basic.lean,327,def,GNFactor_log
SpectralGeometry.Basic,SpectralGeometry/Basic.lean,331,def,GNFactor_at_C
SpectralGeometry.Basic,SpectralGeometry/Basic.lean,336,theorem,GNFactor_at_C_pos
SpectralGeometry.Basic,SpectralGeometry/Basic.lean,357,theorem,spectralQuantum_vs_cartan_eigenvalues
SpectralGeometry.Basic,SpectralGeometry/Basic.lean,363,theorem,spectralCorrection_numerator_decomposition
SpectralGeometry.Basic,SpectralGeometry/Basic.lean,369,theorem,spectralCorrection_full_formula
SpectralGeometry.Basic,SpectralGeometry/Basic.lean,381,theorem,spectralQuantum_pos_ref
SpectralGeometry.Basic,SpectralGeometry/Basic.lean,428,def,riemannZero2
SpectralGeometry.Basic,SpectralGeometry/Basic.lean,431,def,riemannZero3
SpectralGeometry.Basic,SpectralGeometry/Basic.lean,434,theorem,riemannZero1_pos
SpectralGeometry.Basic,SpectralGeometry/Basic.lean,437,theorem,riemannZero2_pos
SpectralGeometry.Basic,SpectralGeometry/Basic.lean,440,theorem,riemannZero3_pos
SpectralGeometry.Basic,SpectralGeometry/Basic.lean,444,theorem,riemannZeros_ordered
SpectralGeometry.Basic,SpectralGeometry/Basic.lean,478,def,firstCoupling_sierraCQM
SpectralGeometry.Basic,SpectralGeometry/Basic.lean,486,theorem,firstCoupling_sierraCQM_deviation
SpectralGeometry.Basic,SpectralGeometry/Basic.lean,492,theorem,couplingLevel_monotone
SpectralGeometry.Basic,SpectralGeometry/Basic.lean,499,theorem,firstCouplingSierraCQM_gt_200
SpectralGeometry.Basic,SpectralGeometry/Basic.lean,513,theorem,couplingLevel_difference
SpectralGeometry.Basic,SpectralGeometry/Basic.lean,518,theorem,couplingLevel_difference_pos
SpectralGeometry.Basic,SpectralGeometry/Basic.lean,543,def,spectralProduct
SpectralGeometry.Basic,SpectralGeometry/Basic.lean,546,theorem,spectralProduct_pos
SpectralGeometry.Basic,SpectralGeometry/Basic.lean,554,theorem,spectralProduct_lt_ten
SpectralGeometry.Basic,SpectralGeometry/Basic.lean,592,theorem,spectralProduct_gt_six
SpectralGeometry.Basic,SpectralGeometry/Basic.lean,633,def,spectralQuantum_to_eigenvalue1_ratio
SpectralGeometry.Basic,SpectralGeometry/Basic.lean,636,theorem,spectralQuantum_to_eigenvalue1_ratio_range
SpectralGeometry.Basic,SpectralGeometry/Basic.lean,705,theorem,thirty_prime_factorization
SpectralGeometry.Basic,SpectralGeometry/Basic.lean,709,def,activePrimes
SpectralGeometry.Basic,SpectralGeometry/Basic.lean,712,theorem,activePrimes_product_eq_30
SpectralGeometry.Basic,SpectralGeometry/Basic.lean,716,theorem,activePrimes_are_prime
SpectralGeometry.Basic,SpectralGeometry/Basic.lean,735,theorem,activePrimes_count_eq_three
SpectralGeometry.Basic,SpectralGeometry/Basic.lean,741,theorem,activePrimes_count_vs_rank
SpectralGeometry.Basic,SpectralGeometry/Basic.lean,760,theorem,adeleCycle_eq_product_of_active_primes
SpectralGeometry.Basic,SpectralGeometry/Basic.lean,787,def,primePotential
SpectralGeometry.Basic,SpectralGeometry/Basic.lean,790,theorem,primePotential_active
SpectralGeometry.Basic,SpectralGeometry/Basic.lean,794,theorem,primePotential_frozen
SpectralGeometry.Basic,SpectralGeometry/Basic.lean,798,theorem,primePotential_2
SpectralGeometry.Basic,SpectralGeometry/Basic.lean,801,theorem,primePotential_3
SpectralGeometry.Basic,SpectralGeometry/Basic.lean,804,theorem,primePotential_5
SpectralGeometry.Basic,SpectralGeometry/Basic.lean,808,theorem,primePotential_7
SpectralGeometry.Basic,SpectralGeometry/Basic.lean,822,theorem,adeleConstraint
SpectralGeometry.Basic,SpectralGeometry/Basic.lean,832,theorem,adeleConstraint_implies_Ncycle_30
SpectralGeometry.Basic,SpectralGeometry/Basic.lean,840,theorem,adeleConstraint_implies_active_product_30
SpectralGeometry.Basic,SpectralGeometry/Basic.lean,851,theorem,adeleConstraint_finite_general
SpectralGeometry.Basic,SpectralGeometry/Basic.lean,883,theorem,primeFreezing_consequence
SpectralGeometry.Basic,SpectralGeometry/Basic.lean,903,theorem,activePrimeCount_vs_su5_rank
SpectralGeometry.GLnTrivialSpectralQuantum,SpectralGeometry/GLnTrivialSpectralQuantum.lean,46,def,completedL1
SpectralGeometry.GLnTrivialSpectralQuantum,SpectralGeometry/GLnTrivialSpectralQuantum.lean,50,def,completedLn
SpectralGeometry.GLnTrivialSpectralQuantum,SpectralGeometry/GLnTrivialSpectralQuantum.lean,54,theorem,completedLn_eq_power
SpectralGeometry.GLnTrivialSpectralQuantum,SpectralGeometry/GLnTrivialSpectralQuantum.lean,68,def,spectralQuantumGLn
SpectralGeometry.GLnTrivialSpectralQuantum,SpectralGeometry/GLnTrivialSpectralQuantum.lean,72,theorem,spectralQuantumGL1_eq_spectralQuantum
SpectralGeometry.GLnTrivialSpectralQuantum,SpectralGeometry/GLnTrivialSpectralQuantum.lean,82,theorem,spectralQuantumGLn_eq_n_times_C1
SpectralGeometry.GLnTrivialSpectralQuantum,SpectralGeometry/GLnTrivialSpectralQuantum.lean,92,theorem,normalized_spectralQuantum_universal
SpectralGeometry.GLnTrivialSpectralQuantum,SpectralGeometry/GLnTrivialSpectralQuantum.lean,110,def,hierarchyFactorGLn
SpectralGeometry.GLnTrivialSpectralQuantum,SpectralGeometry/GLnTrivialSpectralQuantum.lean,114,theorem,hierarchyFactorGLn_scaling
SpectralGeometry.GLnTrivialSpectralQuantum,SpectralGeometry/GLnTrivialSpectralQuantum.lean,124,theorem,hierarchyFactorGLn_pos
SpectralGeometry.GLnTrivialSpectralQuantum,SpectralGeometry/GLnTrivialSpectralQuantum.lean,132,theorem,lower_GLn_dominates
SpectralGeometry.GLnTrivialSpectralQuantum,SpectralGeometry/GLnTrivialSpectralQuantum.lean,161,theorem,spectralQuantumGL5_eq_5C
SpectralGeometry.GLnTrivialSpectralQuantum,SpectralGeometry/GLnTrivialSpectralQuantum.lean,168,theorem,GL5_spectralQuantum_matches_SU5_structure
SpectralGeometry.GLnTrivialSpectralQuantum,SpectralGeometry/GLnTrivialSpectralQuantum.lean,189,def,zeroMultiplicityGLn
SpectralGeometry.GLnTrivialSpectralQuantum,SpectralGeometry/GLnTrivialSpectralQuantum.lean,193,theorem,trivial_zero_multiplicity
SpectralGeometry.GLnTrivialSpectralQuantum,SpectralGeometry/GLnTrivialSpectralQuantum.lean,199,theorem,nontrivial_zero_multiplicity
SpectralGeometry.GLnTrivialSpectralQuantum,SpectralGeometry/GLnTrivialSpectralQuantum.lean,207,theorem,zero_set_unchanged
SpectralGeometry.Mathieu,SpectralGeometry/Mathieu.lean,39,def,goldenRatio
SpectralGeometry.Mathieu,SpectralGeometry/Mathieu.lean,42,theorem,goldenRatio_sq_eq_add_one
SpectralGeometry.Mathieu,SpectralGeometry/Mathieu.lean,48,theorem,goldenRatio_gt_one
SpectralGeometry.Mathieu,SpectralGeometry/Mathieu.lean,57,theorem,goldenRatio_lt_two
SpectralGeometry.Mathieu,SpectralGeometry/Mathieu.lean,63,theorem,goldenRatio_inv_eq_sub_one
SpectralGeometry.Mathieu,SpectralGeometry/Mathieu.lean,70,theorem,goldenRatio_sqrt5
SpectralGeometry.Mathieu,SpectralGeometry/Mathieu.lean,86,def,mathieuParameter
SpectralGeometry.Mathieu,SpectralGeometry/Mathieu.lean,97,theorem,mathieuParameter_eq_half_goldenRatio
SpectralGeometry.Mathieu,SpectralGeometry/Mathieu.lean,107,theorem,mathieuParameter_pos
SpectralGeometry.Mathieu,SpectralGeometry/Mathieu.lean,113,theorem,mathieuParameter_lt_one
SpectralGeometry.Mathieu,SpectralGeometry/Mathieu.lean,119,theorem,mathieuParameter_range
SpectralGeometry.Mathieu,SpectralGeometry/Mathieu.lean,143,def,eigenvalueRatio4to1
SpectralGeometry.Mathieu,SpectralGeometry/Mathieu.lean,146,theorem,eigenvalueRatio4to1_exact
SpectralGeometry.Mathieu,SpectralGeometry/Mathieu.lean,156,theorem,eigenvalueRatio_gt_9
SpectralGeometry.Mathieu,SpectralGeometry/Mathieu.lean,165,theorem,eigenvalueRatio_lt_10
SpectralGeometry.Mathieu,SpectralGeometry/Mathieu.lean,175,theorem,mathieuParameter_from_ratio
SpectralGeometry.Mathieu,SpectralGeometry/Mathieu.lean,205,theorem,mathieuParameter_lt_criticalValue
SpectralGeometry.Mathieu,SpectralGeometry/Mathieu.lean,219,structure,MathieuEquation
SpectralGeometry.Mathieu,SpectralGeometry/Mathieu.lean,250,axiom,b1
SpectralGeometry.Mathieu,SpectralGeometry/Mathieu.lean,260,def,b1_truncated
SpectralGeometry.Mathieu,SpectralGeometry/Mathieu.lean,278,theorem,b1_trunc_error_bound_safe
SpectralGeometry.Mathieu,SpectralGeometry/Mathieu.lean,282,axiom,b1_perturbation_lower_bound
SpectralGeometry.Mathieu,SpectralGeometry/Mathieu.lean,311,theorem,b1_gt_2q_at_mathieuParameter
SpectralGeometry.Mathieu,SpectralGeometry/Mathieu.lean,385,def,spectralQuantum_Mathieu_relation
SpectralGeometry.Mathieu,SpectralGeometry/Mathieu.lean,388,theorem,spectralQuantum_Mathieu_product_approx
SpectralGeometry.MathieuContinuedFraction,SpectralGeometry/MathieuContinuedFraction.lean,44,def,mathieuContFracTail
SpectralGeometry.MathieuContinuedFraction,SpectralGeometry/MathieuContinuedFraction.lean,49,def,mathieuContFracAux
SpectralGeometry.MathieuContinuedFraction,SpectralGeometry/MathieuContinuedFraction.lean,58,theorem,two_k_one_sq_ge_nine
SpectralGeometry.MathieuContinuedFraction,SpectralGeometry/MathieuContinuedFraction.lean,66,theorem,mathieuContFracTail_le_one_seventh
SpectralGeometry.MathieuContinuedFraction,SpectralGeometry/MathieuContinuedFraction.lean,87,theorem,mathieuContFracTail_denominator_pos
SpectralGeometry.MathieuContinuedFraction,SpectralGeometry/MathieuContinuedFraction.lean,97,theorem,mathieuContFracTail_nonneg
SpectralGeometry.MathieuContinuedFraction,SpectralGeometry/MathieuContinuedFraction.lean,115,theorem,mathieuContFracTail_mono
SpectralGeometry.MathieuContinuedFraction,SpectralGeometry/MathieuContinuedFraction.lean,158,theorem,mathieuContFracTail_monotone
SpectralGeometry.MathieuContinuedFraction,SpectralGeometry/MathieuContinuedFraction.lean,166,theorem,mathieuContFracTail_bddAbove
SpectralGeometry.MathieuContinuedFraction,SpectralGeometry/MathieuContinuedFraction.lean,176,def,mathieuContFracTailInf
SpectralGeometry.MathieuContinuedFraction,SpectralGeometry/MathieuContinuedFraction.lean,180,theorem,mathieuContFracTailInf_spec
SpectralGeometry.MathieuContinuedFraction,SpectralGeometry/MathieuContinuedFraction.lean,189,def,mathieuContFrac
SpectralGeometry.MathieuContinuedFraction,SpectralGeometry/MathieuContinuedFraction.lean,193,theorem,mathieuContFracTailInf_nonneg
SpectralGeometry.MathieuContinuedFraction,SpectralGeometry/MathieuContinuedFraction.lean,203,theorem,mathieuContFracTailInf_le_one_seventh
SpectralGeometry.MathieuContinuedFraction,SpectralGeometry/MathieuContinuedFraction.lean,212,theorem,mathieuContFracTailInf_denominator_pos
SpectralGeometry.MathieuContinuedFraction,SpectralGeometry/MathieuContinuedFraction.lean,222,theorem,mathieuContFracTailInf_eq
SpectralGeometry.MathieuContinuedFraction,SpectralGeometry/MathieuContinuedFraction.lean,259,def,mathieuParameterInterval
SpectralGeometry.MathieuContinuedFraction,SpectralGeometry/MathieuContinuedFraction.lean,262,theorem,mathieuContFracTail_continuousOn
SpectralGeometry.MathieuContinuedFraction,SpectralGeometry/MathieuContinuedFraction.lean,289,theorem,mathieuContFracAux_continuousOn
SpectralGeometry.MathieuContinuedFraction,SpectralGeometry/MathieuContinuedFraction.lean,297,theorem,mathieuContFracTailInf_sub_tail_le
SpectralGeometry.MathieuContinuedFraction,SpectralGeometry/MathieuContinuedFraction.lean,381,theorem,mathieuContFracTailInf_approx
SpectralGeometry.MathieuContinuedFraction,SpectralGeometry/MathieuContinuedFraction.lean,391,def,mathieuContFracTotal
SpectralGeometry.MathieuContinuedFraction,SpectralGeometry/MathieuContinuedFraction.lean,395,theorem,mathieuContFracAux_tendstoUniformlyOn
SpectralGeometry.MathieuContinuedFraction,SpectralGeometry/MathieuContinuedFraction.lean,416,theorem,mathieuContFracTotal_continuousOn
SpectralGeometry.MathieuContinuedFraction,SpectralGeometry/MathieuContinuedFraction.lean,427,def,mathieuCriticalEquationTotal
SpectralGeometry.MathieuContinuedFraction,SpectralGeometry/MathieuContinuedFraction.lean,431,theorem,mathieuCriticalEquationTotal_continuousOn
SpectralGeometry.MathieuContinuedFraction,SpectralGeometry/MathieuContinuedFraction.lean,442,theorem,mathieuCriticalEquationTotal_strictAnti
SpectralGeometry.MathieuContinuedFraction,SpectralGeometry/MathieuContinuedFraction.lean,489,theorem,mathieuCriticalEquationTotal_zero
SpectralGeometry.MathieuContinuedFraction,SpectralGeometry/MathieuContinuedFraction.lean,509,theorem,mathieuCriticalEquationTotal_half_neg
SpectralGeometry.MathieuContinuedFraction,SpectralGeometry/MathieuContinuedFraction.lean,523,theorem,mathieuCriticalParameter_exists
SpectralGeometry.MathieuContinuedFraction,SpectralGeometry/MathieuContinuedFraction.lean,564,def,mathieuCriticalParameter
SpectralGeometry.MathieuContinuedFraction,SpectralGeometry/MathieuContinuedFraction.lean,567,theorem,mathieuCriticalParameter_pos
SpectralGeometry.MathieuContinuedFraction,SpectralGeometry/MathieuContinuedFraction.lean,570,theorem,mathieuCriticalParameter_lt_half
SpectralGeometry.MathieuContinuedFraction,SpectralGeometry/MathieuContinuedFraction.lean,573,theorem,mathieuCriticalParameter_eq_zero
SpectralGeometry.MathieuContinuedFraction,SpectralGeometry/MathieuContinuedFraction.lean,576,theorem,mathieuCriticalParameter_mem_interval
SpectralGeometry.MathieuContinuedFraction,SpectralGeometry/MathieuContinuedFraction.lean,580,theorem,mathieuCriticalParameter_eq
SpectralGeometry.MathieuContinuedFraction,SpectralGeometry/MathieuContinuedFraction.lean,591,theorem,mathieuCriticalParameter_unique
SpectralGeometry.MathieuContinuedFraction,SpectralGeometry/MathieuContinuedFraction.lean,618,theorem,mathieuCriticalParameter_gt_3275
SpectralGeometry.MathieuContinuedFraction,SpectralGeometry/MathieuContinuedFraction.lean,673,theorem,mathieuCriticalParameter_lt_33
SpectralGeometry.RiemannXi,SpectralGeometry/RiemannXi.lean,68,def,riemannXi
SpectralGeometry.RiemannXi,SpectralGeometry/RiemannXi.lean,75,theorem,riemannXi_functional_equation
SpectralGeometry.RiemannXi,SpectralGeometry/RiemannXi.lean,82,theorem,riemannXi_zero
SpectralGeometry.RiemannXi,SpectralGeometry/RiemannXi.lean,89,theorem,riemannXi_one
SpectralGeometry.RiemannXi,SpectralGeometry/RiemannXi.lean,125,theorem,xi_log_derivative_at_one
SpectralGeometry.RiemannXi,SpectralGeometry/RiemannXi.lean,196,theorem,spectralQuantum_xi_formula
SpectralGeometry.RiemannXi,SpectralGeometry/RiemannXi.lean,201,theorem,spectralQuantum_eq_xi_log_derivative
SpectralGeometry.RiemannXi,SpectralGeometry/RiemannXi.lean,209,theorem,spectralQuantum_xi_formula_consistent
SpectralGeometry.RiemannXi,SpectralGeometry/RiemannXi.lean,214,theorem,spectralQuantum_xi_pos
SpectralGeometry.RiemannXi,SpectralGeometry/RiemannXi.lean,218,theorem,spectralQuantum_xi_lt_one
SpectralGeometry.RiemannXi,SpectralGeometry/RiemannXi.lean,222,theorem,spectralQuantum_xi_range_consistent
SpectralGeometry.RiemannXi,SpectralGeometry/RiemannXi.lean,259,axiom,spectralQuantum_zeta_zeros_relation
Superconductivity.BCSIntegralAsymptotic,Superconductivity/BCSIntegralAsymptotic.lean,59,theorem,pi_half_sq_lt_exp_one
Superconductivity.BCSIntegralAsymptotic,Superconductivity/BCSIntegralAsymptotic.lean,77,theorem,bcsConstant_gt_one
Superconductivity.BCSIntegralAsymptotic,Superconductivity/BCSIntegralAsymptotic.lean,100,def,bcsTcIntegral
Superconductivity.BCSIntegralAsymptotic,Superconductivity/BCSIntegralAsymptotic.lean,104,def,bcsTcEquation
Superconductivity.BCSIntegralAsymptotic,Superconductivity/BCSIntegralAsymptotic.lean,110,theorem,bcsTcIntegral_pos
Superconductivity.BCSIntegralAsymptotic,Superconductivity/BCSIntegralAsymptotic.lean,120,theorem,bcsTcIntegral_monotone_omegaD
Superconductivity.BCSIntegralAsymptotic,Superconductivity/BCSIntegralAsymptotic.lean,130,theorem,bcsTcIntegral_antitone_T
Superconductivity.BCSIntegralAsymptotic,Superconductivity/BCSIntegralAsymptotic.lean,148,theorem,bcsTcIntegral_asymptotic_logMul
Superconductivity.BCSIntegralAsymptotic,Superconductivity/BCSIntegralAsymptotic.lean,161,theorem,bcsTcEquation_iff_logEquation
Superconductivity.BCSIntegralAsymptotic,Superconductivity/BCSIntegralAsymptotic.lean,178,theorem,bcsTcFromIntegral_solved
Superconductivity.BCSIntegralAsymptotic,Superconductivity/BCSIntegralAsymptotic.lean,195,theorem,bcsTcFromIntegral_exists_unique
Superconductivity.BCSIntegralAsymptotic,Superconductivity/BCSIntegralAsymptotic.lean,217,theorem,bcsIntegral_and_logEquation_consistent
Superconductivity.BridgeTheorems,Superconductivity/BridgeTheorems.lean,69,theorem,spectralGap_bcsCoupling_bound
Superconductivity.BridgeTheorems,Superconductivity/BridgeTheorems.lean,76,theorem,spectralGap_bcsCoupling_critical
Superconductivity.BridgeTheorems,Superconductivity/BridgeTheorems.lean,91,theorem,spectralGap_bcsTc_bound
Superconductivity.BridgeTheorems,Superconductivity/BridgeTheorems.lean,115,def,gapChannelTc
Superconductivity.BridgeTheorems,Superconductivity/BridgeTheorems.lean,119,theorem,gapChannelTc_pos
Superconductivity.BridgeTheorems,Superconductivity/BridgeTheorems.lean,130,theorem,gapChannelTc_eq_spectralGap_mul_bcsTc
Superconductivity.BridgeTheorems,Superconductivity/BridgeTheorems.lean,137,theorem,gapChannelTc_exact_closedForm
Superconductivity.BridgeTheorems,Superconductivity/BridgeTheorems.lean,147,theorem,gapChannelTc_eq_bcsTcInGapChannel
Superconductivity.BridgeTheorems,Superconductivity/BridgeTheorems.lean,151,theorem,gapChannelTc_mono_in_debye
Superconductivity.BridgeTheorems,Superconductivity/BridgeTheorems.lean,160,theorem,gapChannelTc_mono_in_coupling
Superconductivity.BridgeTheorems,Superconductivity/BridgeTheorems.lean,175,def,reggeDualArea
Superconductivity.BridgeTheorems,Superconductivity/BridgeTheorems.lean,179,theorem,reggeDualArea_pos
Superconductivity.BridgeTheorems,Superconductivity/BridgeTheorems.lean,192,def,reggeEffectiveRicciScalar
Superconductivity.BridgeTheorems,Superconductivity/BridgeTheorems.lean,196,theorem,reggeEffectiveRicciScalar_pos
Superconductivity.BridgeTheorems,Superconductivity/BridgeTheorems.lean,208,theorem,deficitDensity_to_ricciScalar
Superconductivity.BridgeTheorems,Superconductivity/BridgeTheorems.lean,227,theorem,spectralGap_to_ricciScalar_chain
Superconductivity.BridgeTheorems,Superconductivity/BridgeTheorems.lean,276,theorem,reggeDeficit_ricciScalar_closedForm
Superconductivity.BridgeTheorems,Superconductivity/BridgeTheorems.lean,294,lemma,blockDiagonal'_mulVec_eq
Superconductivity.BridgeTheorems,Superconductivity/BridgeTheorems.lean,307,lemma,blockDiagonal'_quadratic_form
Superconductivity.BridgeTheorems,Superconductivity/BridgeTheorems.lean,325,lemma,blockDiagonal'_isHermitian
Superconductivity.BridgeTheorems,Superconductivity/BridgeTheorems.lean,350,theorem,blockDiagonal_quadratic_lowerBound
Superconductivity.BridgeTheorems,Superconductivity/BridgeTheorems.lean,390,theorem,blockDiagonal_spectralGap_min
Superconductivity.BridgeTheorems,Superconductivity/BridgeTheorems.lean,442,theorem,twoProtonCoupling_eigenvalues_form
Superconductivity.BridgeTheorems,Superconductivity/BridgeTheorems.lean,466,def,twoAtomCouplingMatrix
Superconductivity.BridgeTheorems,Superconductivity/BridgeTheorems.lean,473,lemma,twoAtomCoupling_quadratic_expand
Superconductivity.BridgeTheorems,Superconductivity/BridgeTheorems.lean,490,lemma,twoAtomCoupling_quadratic_abs_bound
Superconductivity.BridgeTheorems,Superconductivity/BridgeTheorems.lean,560,theorem,twoAtomSuperCartan_quadratic_lowerBound
Superconductivity.BridgeTheorems,Superconductivity/BridgeTheorems.lean,626,theorem,twoAtomSuperCartan_posDef
Superconductivity.BridgeTheorems,Superconductivity/BridgeTheorems.lean,715,theorem,cqm_superconductivity_end_to_end_chain
Superconductivity.CartanSuperconductivity,Superconductivity/CartanSuperconductivity.lean,11,def,phaseLockingFactor
Superconductivity.CartanSuperconductivity,Superconductivity/CartanSuperconductivity.lean,14,theorem,phaseLockingFactor_pos
Superconductivity.CartanSuperconductivity,Superconductivity/CartanSuperconductivity.lean,76,def,cartanHamiltonian
Superconductivity.CartanSuperconductivity,Superconductivity/CartanSuperconductivity.lean,81,def,spectralGap
Superconductivity.CartanSuperconductivity,Superconductivity/CartanSuperconductivity.lean,86,def,cartanEigenvalue
Superconductivity.CartanSuperconductivity,Superconductivity/CartanSuperconductivity.lean,95,def,stressEnergyTrace
Superconductivity.CartanSuperconductivity,Superconductivity/CartanSuperconductivity.lean,100,def,cartanHamiltonianEnergy
Superconductivity.CartanSuperconductivity,Superconductivity/CartanSuperconductivity.lean,106,theorem,spectralGap_pos
Superconductivity.CartanSuperconductivity,Superconductivity/CartanSuperconductivity.lean,111,theorem,spectralGap_lt_one
Superconductivity.CartanSuperconductivity,Superconductivity/CartanSuperconductivity.lean,118,theorem,spectralGap_lt_all
Superconductivity.CartanSuperconductivity,Superconductivity/CartanSuperconductivity.lean,130,theorem,cartanEigenvalue_pos
Superconductivity.CartanSuperconductivity,Superconductivity/CartanSuperconductivity.lean,139,theorem,cartanEigenvalues_sum_eq_eight
Superconductivity.CartanSuperconductivity,Superconductivity/CartanSuperconductivity.lean,151,theorem,stressEnergyTrace_eq_eight
Superconductivity.CartanSuperconductivity,Superconductivity/CartanSuperconductivity.lean,157,theorem,cartanHamiltonian_trace_eq_stressEnergyTrace
Superconductivity.CartanSuperconductivity,Superconductivity/CartanSuperconductivity.lean,168,theorem,cartanHamiltonian_diag_two
Superconductivity.CartanSuperconductivity,Superconductivity/CartanSuperconductivity.lean,175,theorem,cartanHamiltonianEnergy_pos
Superconductivity.CartanSuperconductivity,Superconductivity/CartanSuperconductivity.lean,188,def,superconductingOrderComponent
Superconductivity.CartanSuperconductivity,Superconductivity/CartanSuperconductivity.lean,194,def,superconductingOrderTensor
Superconductivity.CartanSuperconductivity,Superconductivity/CartanSuperconductivity.lean,200,theorem,superconductingOrderComponent_pos
Superconductivity.CartanSuperconductivity,Superconductivity/CartanSuperconductivity.lean,209,theorem,superconductingOrderTensor_pos
Superconductivity.CartanSuperconductivity,Superconductivity/CartanSuperconductivity.lean,221,theorem,superconductingOrderTensor_cartanWeights_pos
Superconductivity.CartanSuperconductivity,Superconductivity/CartanSuperconductivity.lean,231,lemma,bcsGapFromGapEquation_pos
Superconductivity.CartanSuperconductivity,Superconductivity/CartanSuperconductivity.lean,248,def,bcsGapInGapChannel
Superconductivity.CartanSuperconductivity,Superconductivity/CartanSuperconductivity.lean,253,def,bcsTcInGapChannel
Superconductivity.CartanSuperconductivity,Superconductivity/CartanSuperconductivity.lean,257,theorem,bcsGapInGapChannel_pos
Superconductivity.CartanSuperconductivity,Superconductivity/CartanSuperconductivity.lean,265,theorem,gapChannel_gapRatio_invariant
Superconductivity.CartanSuperconductivity,Superconductivity/CartanSuperconductivity.lean,278,theorem,bcsTcInGapChannel_closedForm
Superconductivity.CartanSuperconductivity,Superconductivity/CartanSuperconductivity.lean,288,theorem,bcsGapInGapChannel_closedForm
Superconductivity.CartanSuperconductivity,Superconductivity/CartanSuperconductivity.lean,296,def,cartanInvTrace
Superconductivity.CartanSuperconductivity,Superconductivity/CartanSuperconductivity.lean,304,theorem,cartanInvTrace_eq_four
Superconductivity.CartanSuperconductivity,Superconductivity/CartanSuperconductivity.lean,315,def,cartanA4Stack
Superconductivity.CartanSuperconductivity,Superconductivity/CartanSuperconductivity.lean,320,theorem,cartanA4Stack_zero_of_proton_ne
Superconductivity.CartanSuperconductivity,Superconductivity/CartanSuperconductivity.lean,327,theorem,cartanA4Stack_block_eq
Superconductivity.CartanSuperconductivity,Superconductivity/CartanSuperconductivity.lean,335,theorem,cartanA4Stack_diag
Superconductivity.CartanSuperconductivity,Superconductivity/CartanSuperconductivity.lean,343,theorem,cartanA4Stack_trace_eq
Superconductivity.CartanSuperconductivity,Superconductivity/CartanSuperconductivity.lean,349,theorem,cartanA4_det_matrix
Superconductivity.CartanSuperconductivity,Superconductivity/CartanSuperconductivity.lean,354,theorem,cartanA4Stack_det_eq
Superconductivity.CouplingSpace,Superconductivity/CouplingSpace.lean,28,def,reggeAngleDeficit
Superconductivity.CouplingSpace,Superconductivity/CouplingSpace.lean,35,def,properTimeFlow
Superconductivity.CouplingSpace,Superconductivity/CouplingSpace.lean,38,def,properTimeFlow_pos
Superconductivity.CouplingSpace,Superconductivity/CouplingSpace.lean,51,structure,CouplingHeisenbergPair
Superconductivity.CouplingSpace,Superconductivity/CouplingSpace.lean,57,def,spectralQuantum
Superconductivity.CouplingSpace,Superconductivity/CouplingSpace.lean,61,def,couplingMomentum
Superconductivity.CouplingSpace,Superconductivity/CouplingSpace.lean,65,def,couplingMomentum_pos
Superconductivity.CouplingSpace,Superconductivity/CouplingSpace.lean,76,def,uncertaintyThreshold
Superconductivity.CouplingSpace,Superconductivity/CouplingSpace.lean,80,def,uncertaintyThreshold_pos
Superconductivity.CouplingSpace,Superconductivity/CouplingSpace.lean,91,def,ln4
Superconductivity.CouplingSpace,Superconductivity/CouplingSpace.lean,94,def,ln4_pos
Superconductivity.CouplingSpace,Superconductivity/CouplingSpace.lean,98,def,ln4TransitionCriterion
Superconductivity.CouplingSpace,Superconductivity/CouplingSpace.lean,102,def,superconductingDuThreshold
Superconductivity.CouplingSpace,Superconductivity/CouplingSpace.lean,105,def,superconductingDuThreshold_pos
Superconductivity.CouplingSpace,Superconductivity/CouplingSpace.lean,110,def,curvatureFluctuationThreshold
Superconductivity.CouplingSpace,Superconductivity/CouplingSpace.lean,114,def,curvatureFluctuationThreshold_pos
Superconductivity.CouplingSpace,Superconductivity/CouplingSpace.lean,121,def,superconductivityCriterion
Superconductivity.CouplingSpace,Superconductivity/CouplingSpace.lean,129,def,fermiIntegralFactor
Superconductivity.CouplingSpace,Superconductivity/CouplingSpace.lean,133,def,fermiIntegral3
Superconductivity.CouplingSpace,Superconductivity/CouplingSpace.lean,136,def,fermiIntegral2
Superconductivity.CouplingSpace,Superconductivity/CouplingSpace.lean,151,def,pureHydrogenNotSuperconducting
Superconductivity.DeepConstruction,Superconductivity/DeepConstruction.lean,46,def,reggeEnergy'
Superconductivity.DeepConstruction,Superconductivity/DeepConstruction.lean,53,def,curvatureStiffness
Superconductivity.DeepConstruction,Superconductivity/DeepConstruction.lean,58,theorem,curvatureStiffness_eq_second_derivative
Superconductivity.DeepConstruction,Superconductivity/DeepConstruction.lean,69,theorem,curvatureStiffness_pos
Superconductivity.DeepConstruction,Superconductivity/DeepConstruction.lean,78,def,phononFrequency
Superconductivity.DeepConstruction,Superconductivity/DeepConstruction.lean,81,theorem,phononFrequency_pos
Superconductivity.DeepConstruction,Superconductivity/DeepConstruction.lean,88,theorem,curvatureStiffness_monotone_in_thetaD
Superconductivity.DeepConstruction,Superconductivity/DeepConstruction.lean,100,def,reggeAction
Superconductivity.DeepConstruction,Superconductivity/DeepConstruction.lean,106,def,yangMillsAction
Superconductivity.DeepConstruction,Superconductivity/DeepConstruction.lean,112,def,ginzburgLandauPotential
Superconductivity.DeepConstruction,Superconductivity/DeepConstruction.lean,116,def,glCriticalPoint
Superconductivity.DeepConstruction,Superconductivity/DeepConstruction.lean,122,theorem,glPotential_derivative_zero_at_critical
Superconductivity.DeepConstruction,Superconductivity/DeepConstruction.lean,145,def,fullAction
Superconductivity.DeepConstruction,Superconductivity/DeepConstruction.lean,153,theorem,fullAction_decomposition
Superconductivity.DeepConstruction,Superconductivity/DeepConstruction.lean,166,def,a5Order
Superconductivity.DeepConstruction,Superconductivity/DeepConstruction.lean,169,def,a5NumClasses
Superconductivity.DeepConstruction,Superconductivity/DeepConstruction.lean,172,theorem,a5_order_eq_5_times_a4
Superconductivity.DeepConstruction,Superconductivity/DeepConstruction.lean,179,def,a5StructEnhancement
Superconductivity.DeepConstruction,Superconductivity/DeepConstruction.lean,182,def,a4StructEnhancement
Superconductivity.DeepConstruction,Superconductivity/DeepConstruction.lean,186,theorem,a5_structEnhancement_gt_a4
Superconductivity.DeepConstruction,Superconductivity/DeepConstruction.lean,196,def,a5GammaM
Superconductivity.DeepConstruction,Superconductivity/DeepConstruction.lean,199,def,a4GammaM
Superconductivity.DeepConstruction,Superconductivity/DeepConstruction.lean,203,theorem,a5_gammaM_lt_a4
Superconductivity.DeepConstruction,Superconductivity/DeepConstruction.lean,210,def,a5TransitionCoupling
Superconductivity.DeepConstruction,Superconductivity/DeepConstruction.lean,213,def,a4TransitionCoupling
Superconductivity.DeepConstruction,Superconductivity/DeepConstruction.lean,217,theorem,a5_transitionCoupling_lt_a4
Superconductivity.DeepConstruction,Superconductivity/DeepConstruction.lean,226,def,a5EligibilityThreshold
Superconductivity.DeepConstruction,Superconductivity/DeepConstruction.lean,229,def,a4EligibilityThreshold
Superconductivity.DeepConstruction,Superconductivity/DeepConstruction.lean,236,theorem,a5_threshold_gt_a4
Superconductivity.DeepConstruction,Superconductivity/DeepConstruction.lean,256,def,a5toA4_ratio
Superconductivity.DeepConstruction,Superconductivity/DeepConstruction.lean,261,theorem,a5toA4_ratio_gt_one
Superconductivity.DeepResearch,Superconductivity/DeepResearch.lean,57,def,goldenRatio
Superconductivity.DeepResearch,Superconductivity/DeepResearch.lean,60,def,a4SpectralGap
Superconductivity.DeepResearch,Superconductivity/DeepResearch.lean,63,theorem,a4SpectralGap_pos
Superconductivity.DeepResearch,Superconductivity/DeepResearch.lean,73,theorem,goldenRatio_pos
Superconductivity.DeepResearch,Superconductivity/DeepResearch.lean,83,theorem,sqrt_a4SpectralGap_eq_inv_goldenRatio
Superconductivity.DeepResearch,Superconductivity/DeepResearch.lean,98,theorem,sqrt_a4SpectralGap_eq_goldenRatio_minus_one
Superconductivity.DeepResearch,Superconductivity/DeepResearch.lean,106,theorem,a4SpectralGap_eq_inv_goldenRatio_sq
Superconductivity.DeepResearch,Superconductivity/DeepResearch.lean,115,def,bulkModulusA4
Superconductivity.DeepResearch,Superconductivity/DeepResearch.lean,119,def,soundSpeedA4
Superconductivity.DeepResearch,Superconductivity/DeepResearch.lean,123,def,debyeWaveVector
Superconductivity.DeepResearch,Superconductivity/DeepResearch.lean,129,def,debyeTemperatureA4
Superconductivity.DeepResearch,Superconductivity/DeepResearch.lean,134,theorem,debyeTemperatureA4_pos
Superconductivity.DeepResearch,Superconductivity/DeepResearch.lean,143,theorem,debyeTemperatureA4_decreases_with_mass
Superconductivity.DeepResearch,Superconductivity/DeepResearch.lean,163,def,a4DimStandard
Superconductivity.DeepResearch,Superconductivity/DeepResearch.lean,166,def,electronPhononCouplingA4
Superconductivity.DeepResearch,Superconductivity/DeepResearch.lean,170,theorem,electronPhononCouplingA4_pos
Superconductivity.DeepResearch,Superconductivity/DeepResearch.lean,180,theorem,electronPhononCoupling_from_A4_representation
Superconductivity.DeepResearch,Superconductivity/DeepResearch.lean,191,def,diagonalParameter
Superconductivity.DeepResearch,Superconductivity/DeepResearch.lean,194,theorem,diagonalParameter_neutron_neg
Superconductivity.DeepResearch,Superconductivity/DeepResearch.lean,201,def,n2MappingScale
Superconductivity.DeepResearch,Superconductivity/DeepResearch.lean,206,def,n2AngleDeficitMapping
Superconductivity.DeepResearch,Superconductivity/DeepResearch.lean,210,theorem,n2Mapping_pos
Superconductivity.DeepResearch,Superconductivity/DeepResearch.lean,221,theorem,n2MappingScale_lt_half
Superconductivity.DeepResearch,Superconductivity/DeepResearch.lean,229,structure,GroupConstraints
Superconductivity.DeepResearch,Superconductivity/DeepResearch.lean,236,def,a4Constraints
Superconductivity.DeepResearch,Superconductivity/DeepResearch.lean,243,def,s3Constraints
Superconductivity.DeepResearch,Superconductivity/DeepResearch.lean,250,def,s4Constraints
Superconductivity.DeepResearch,Superconductivity/DeepResearch.lean,257,def,a5Constraints
Superconductivity.DeepResearch,Superconductivity/DeepResearch.lean,270,theorem,a4_unique_under_3_constraints
Superconductivity.DeepResearch,Superconductivity/DeepResearch.lean,280,theorem,a4_order_bounded
Superconductivity.DeepResearch,Superconductivity/DeepResearch.lean,285,theorem,a4_minimal_order_among_valid
Superconductivity.DeepResearch,Superconductivity/DeepResearch.lean,339,def,fineStructureConstantTheory
Superconductivity.DeepResearch,Superconductivity/DeepResearch.lean,343,theorem,fineStructureConstantTheory_pos
Superconductivity.ElementCartan,Superconductivity/ElementCartan.lean,59,def,protonCartan
Superconductivity.ElementCartan,Superconductivity/ElementCartan.lean,63,theorem,protonCartan_isPureA4
Superconductivity.ElementCartan,Superconductivity/ElementCartan.lean,68,theorem,protonCartan_posDef
Superconductivity.ElementCartan,Superconductivity/ElementCartan.lean,76,theorem,protonCartan_trace_eq_eight
Superconductivity.ElementCartan,Superconductivity/ElementCartan.lean,87,def,neutronCartanMatrix
Superconductivity.ElementCartan,Superconductivity/ElementCartan.lean,92,theorem,neutronCartan_isDefectiveA4
Superconductivity.ElementCartan,Superconductivity/ElementCartan.lean,112,def,elementCartanIdeal
Superconductivity.ElementCartan,Superconductivity/ElementCartan.lean,123,lemma,neutronCartan_quadratic_lowerBound
Superconductivity.ElementCartan,Superconductivity/ElementCartan.lean,147,lemma,neutronCartanMatrix_trace
Superconductivity.ElementCartan,Superconductivity/ElementCartan.lean,160,theorem,elementCartanIdeal_trace
Superconductivity.ElementCartan,Superconductivity/ElementCartan.lean,220,theorem,elementCartanIdeal_posDef
Superconductivity.ElementCartan,Superconductivity/ElementCartan.lean,246,theorem,elementCartanIdeal_spectralGap_lowerBound
Superconductivity.ElementCartan,Superconductivity/ElementCartan.lean,285,theorem,elementCartanIdeal_posDef_of_lt_spectralGap
Superconductivity.ElementCartan,Superconductivity/ElementCartan.lean,300,def,protonSector
Superconductivity.ElementCartan,Superconductivity/ElementCartan.lean,312,def,neutronSector
Superconductivity.ElementCartan,Superconductivity/ElementCartan.lean,316,theorem,protonSector_posDef
Superconductivity.ElementCartan,Superconductivity/ElementCartan.lean,322,theorem,neutronSector_posDef
Superconductivity.ElementCartan,Superconductivity/ElementCartan.lean,330,theorem,protonSector_trace
Superconductivity.ElementCartan,Superconductivity/ElementCartan.lean,336,theorem,neutronSector_trace
Superconductivity.ElementCartan,Superconductivity/ElementCartan.lean,344,theorem,elementCartan_trace_primarySecondary_split
Superconductivity.ElementCartan,Superconductivity/ElementCartan.lean,360,theorem,elementSpectralGap_determinedByNeutronSector
Superconductivity.ElementCartan,Superconductivity/ElementCartan.lean,401,def,isotopeDefectParameter
Superconductivity.ElementCartan,Superconductivity/ElementCartan.lean,406,theorem,isotopeDefectParameter_monotone
Superconductivity.ElementCartan,Superconductivity/ElementCartan.lean,420,theorem,isotopeSpectralGap_shift
Superconductivity.ElementCartan,Superconductivity/ElementCartan.lean,434,theorem,bcsTc_ratio_formula
Superconductivity.ElementCartan,Superconductivity/ElementCartan.lean,459,theorem,cqmIsotopeEffect_Tc_ratio_formula
Superconductivity.ElementCartan,Superconductivity/ElementCartan.lean,487,theorem,isotopeEffect_from_neutronSector_only
Superconductivity.ElementCartan,Superconductivity/ElementCartan.lean,508,def,nucleonCouplingHierarchy
Superconductivity.ElementCartan,Superconductivity/ElementCartan.lean,518,theorem,nucleonCouplingHierarchy_stability
Superconductivity.ElementCartan,Superconductivity/ElementCartan.lean,539,def,nucleonCoupling
Superconductivity.ElementCartan,Superconductivity/ElementCartan.lean,552,theorem,nucleonCoupling_stabilityCondition
Superconductivity.ElementCartan,Superconductivity/ElementCartan.lean,566,def,elementCouplingMatrix
Superconductivity.ElementCartan,Superconductivity/ElementCartan.lean,570,theorem,elementCouplingMatrix_symmetric
Superconductivity.ElementCartan,Superconductivity/ElementCartan.lean,590,def,molecularSuperCartan
Superconductivity.ElementCartan,Superconductivity/ElementCartan.lean,600,theorem,molecularSuperCartan_symmetric
Superconductivity.ElementCartan,Superconductivity/ElementCartan.lean,624,theorem,molecularSuperCartan_trace
Superconductivity.ElementCartan,Superconductivity/ElementCartan.lean,656,theorem,molecularSuperCartan_posDef_weakCoupling
Superconductivity.ElementCartan,Superconductivity/ElementCartan.lean,692,def,effectiveSpectralGap
Superconductivity.ElementCartan,Superconductivity/ElementCartan.lean,696,theorem,effectiveSpectralGap_pos
Superconductivity.ElementCartan,Superconductivity/ElementCartan.lean,702,theorem,effectiveSpectralGap_antitone
Superconductivity.ElementCartan,Superconductivity/ElementCartan.lean,713,def,spectralGap_to_reggeEdgeLength
Superconductivity.ElementCartan,Superconductivity/ElementCartan.lean,717,theorem,spectralGap_to_reggeEdgeLength_pos
Superconductivity.ElementCartan,Superconductivity/ElementCartan.lean,723,theorem,spectralGap_to_reggeEdgeLength_antitone
Superconductivity.ElementCartan,Superconductivity/ElementCartan.lean,740,def,spectralGap_to_deficitDensity
Superconductivity.ElementCartan,Superconductivity/ElementCartan.lean,744,theorem,spectralGap_to_deficitDensity_pos
Superconductivity.ElementCartan,Superconductivity/ElementCartan.lean,755,theorem,spectralGap_to_deficitDensity_antitone
Superconductivity.ElementCartan,Superconductivity/ElementCartan.lean,773,def,spectralGap_to_effectiveMetric00
Superconductivity.ElementCartan,Superconductivity/ElementCartan.lean,782,theorem,spectralGap_to_effectiveMetric00_lowerBound
Superconductivity.ElementCartan,Superconductivity/ElementCartan.lean,797,def,newtonianPotential
Superconductivity.ElementCartan,Superconductivity/ElementCartan.lean,803,def,effectiveMetric00_newtonian
Superconductivity.ElementCartan,Superconductivity/ElementCartan.lean,819,def,newtonianGravity_degeneracy
Superconductivity.ElementCartan,Superconductivity/ElementCartan.lean,835,def,causalResolution_gravity_details
Superconductivity.ElementCartan,Superconductivity/ElementCartan.lean,846,def,neutronStarDensity
Superconductivity.ElementCartan,Superconductivity/ElementCartan.lean,851,def,strongGravityParameter
Superconductivity.ElementCartan,Superconductivity/ElementCartan.lean,860,def,neutronStar_exception_idealCartan_fails
Superconductivity.ElementCartan,Superconductivity/ElementCartan.lean,874,def,strongGravity_exception_newtonianDegeneracy_fails
Superconductivity.ElementCartan,Superconductivity/ElementCartan.lean,888,def,extremeGravity_causalResolution_enhancement
Superconductivity.ElementCartan,Superconductivity/ElementCartan.lean,913,theorem,cqm_element_to_newtonian_end_to_end_chain
Superconductivity.ElementCartan,Superconductivity/ElementCartan.lean,969,def,singleElementTc
Superconductivity.ElementCartan,Superconductivity/ElementCartan.lean,973,theorem,singleElementTc_pos
Superconductivity.ElementCartan,Superconductivity/ElementCartan.lean,991,theorem,singleElement_BCS_degeneracy
Superconductivity.ElementCartan,Superconductivity/ElementCartan.lean,1004,theorem,singleElement_isotopeTc_ratio
Superconductivity.ElementCartan,Superconductivity/ElementCartan.lean,1035,theorem,cqm_bcs_singleElement_bridge
Superconductivity.FirstPrinciples,Superconductivity/FirstPrinciples.lean,80,def,latticeStiffnessFromA4
Superconductivity.FirstPrinciples,Superconductivity/FirstPrinciples.lean,84,theorem,latticeStiffnessFromA4_pos
Superconductivity.FirstPrinciples,Superconductivity/FirstPrinciples.lean,91,def,phononFrequencyFromA4
Superconductivity.FirstPrinciples,Superconductivity/FirstPrinciples.lean,95,theorem,phononFrequencyFromA4_pos
Superconductivity.FirstPrinciples,Superconductivity/FirstPrinciples.lean,102,theorem,phononFrequencyFromA4_mono_in_stiffness
Superconductivity.FirstPrinciples,Superconductivity/FirstPrinciples.lean,115,def,electronPhononCoupling
Superconductivity.FirstPrinciples,Superconductivity/FirstPrinciples.lean,119,theorem,electronPhononCoupling_pos
Superconductivity.FirstPrinciples,Superconductivity/FirstPrinciples.lean,128,def,gapIntegrand
Superconductivity.FirstPrinciples,Superconductivity/FirstPrinciples.lean,132,lemma,sqrt_one_add_div_mul_gap
Superconductivity.FirstPrinciples,Superconductivity/FirstPrinciples.lean,152,theorem,gapIntegral_pr
Superconductivity.FirstPrinciples,Superconductivity/FirstPrinciples.lean,184,def,bcsGapIntegralEquation
Superconductivity.FirstPrinciples,Superconductivity/FirstPrinciples.lean,188,theorem,bcsGapIntegralEquation_iff_arsinh
Superconductivity.FirstPrinciples,Superconductivity/FirstPrinciples.lean,197,theorem,bcsGapIntegralEquation_solved
Superconductivity.FirstPrinciples,Superconductivity/FirstPrinciples.lean,209,theorem,bcsCriticalTemperature_tendsto_zero
Superconductivity.FirstPrinciples,Superconductivity/FirstPrinciples.lean,228,theorem,firstPrinciples_chain_pos
Superconductivity.FirstPrinciples,Superconductivity/FirstPrinciples.lean,253,theorem,phaseLockingFactor_tendsto_zero
Superconductivity.FirstPrinciples,Superconductivity/FirstPrinciples.lean,275,def,hydrogenPhononFrequency
Superconductivity.FirstPrinciples,Superconductivity/FirstPrinciples.lean,279,theorem,hydrogenPhononFrequency_pos
Superconductivity.FirstPrinciples,Superconductivity/FirstPrinciples.lean,288,def,hydrogenBcsGap
Superconductivity.FirstPrinciples,Superconductivity/FirstPrinciples.lean,294,theorem,hydrogen_bcs_gap_equation_solved
Superconductivity.FirstPrinciples,Superconductivity/FirstPrinciples.lean,306,theorem,hydrogen_phonon_higher_than_deuterium
Superconductivity.FirstPrinciples,Superconductivity/FirstPrinciples.lean,322,theorem,bcsCriticalTemperature_mono_in_debye
Superconductivity.FirstPrinciples,Superconductivity/FirstPrinciples.lean,333,theorem,bcsCriticalTemperature_mono_in_coupling
Superconductivity.FirstPrinciples,Superconductivity/FirstPrinciples.lean,355,theorem,spaf_firstPrinciples_chain_consistent
Superconductivity.FirstPrinciples,Superconductivity/FirstPrinciples.lean,376,def,cqmIsotopeExponent
Superconductivity.FirstPrinciples,Superconductivity/FirstPrinciples.lean,381,theorem,cqmIsotopeExponent_constant_f
Superconductivity.FirstPrinciples,Superconductivity/FirstPrinciples.lean,391,theorem,cqmIsotopeTcRatio
Superconductivity.FirstPrinciples,Superconductivity/FirstPrinciples.lean,403,theorem,cqmIsotopeTcRatio_bcsLimit
Superconductivity.FormalizationRigor,Superconductivity/FormalizationRigor.lean,53,structure,PhysicalParams
Superconductivity.FormalizationRigor,Superconductivity/FormalizationRigor.lean,71,theorem,pathA_thresholdSquared_proportional_oneMinusBetaDelta
Superconductivity.FormalizationRigor,Superconductivity/FormalizationRigor.lean,81,def,effectivePairingInteraction
Superconductivity.FormalizationRigor,Superconductivity/FormalizationRigor.lean,85,theorem,pathB_effectivePairing_pos
Superconductivity.FormalizationRigor,Superconductivity/FormalizationRigor.lean,95,theorem,condensationEnergy_proportional_properTimeFlow
Superconductivity.FormalizationRigor,Superconductivity/FormalizationRigor.lean,111,def,modulationFactor
Superconductivity.FormalizationRigor,Superconductivity/FormalizationRigor.lean,114,theorem,modulationFactor_weakCoupling
Superconductivity.FormalizationRigor,Superconductivity/FormalizationRigor.lean,120,theorem,sqrt_firstOrder_expansion
Superconductivity.FormalizationRigor,Superconductivity/FormalizationRigor.lean,159,theorem,modulation_realizes_eligibility_weakCoupling
Superconductivity.FormalizationRigor,Superconductivity/FormalizationRigor.lean,174,def,kleinFourOrder
Superconductivity.FormalizationRigor,Superconductivity/FormalizationRigor.lean,178,def,betaMicroscopic
Superconductivity.FormalizationRigor,Superconductivity/FormalizationRigor.lean,182,def,betaGroupTheory
Superconductivity.FormalizationRigor,Superconductivity/FormalizationRigor.lean,185,theorem,betaGroupTheory_eq
Superconductivity.FormalizationRigor,Superconductivity/FormalizationRigor.lean,189,def,systemSizeRatio
Superconductivity.FormalizationRigor,Superconductivity/FormalizationRigor.lean,193,theorem,beta_group_theory_eq_microscopic
Superconductivity.FormalizationRigor,Superconductivity/FormalizationRigor.lean,201,theorem,betaMicroscopic_macro_limit_eq_betaGroupTheory
Superconductivity.FormalizationRigor,Superconductivity/FormalizationRigor.lean,209,theorem,betaGroupTheory_pos
Superconductivity.FormalizationRigor,Superconductivity/FormalizationRigor.lean,216,theorem,finiteSizeEffect_beta_decreases
Superconductivity.FormalizationRigor,Superconductivity/FormalizationRigor.lean,232,def,entropyModel
Superconductivity.FormalizationRigor,Superconductivity/FormalizationRigor.lean,236,theorem,entropy_thirdLaw
Superconductivity.FormalizationRigor,Superconductivity/FormalizationRigor.lean,242,theorem,entropy_nonneg
Superconductivity.FormalizationRigor,Superconductivity/FormalizationRigor.lean,257,theorem,entropyOriginal_nonzero_at_zero
Superconductivity.FormalizationRigor,Superconductivity/FormalizationRigor.lean,277,def,transitionCouplingSpectrum
Superconductivity.FormalizationRigor,Superconductivity/FormalizationRigor.lean,280,def,gaugeEnergyModel
Superconductivity.FormalizationRigor,Superconductivity/FormalizationRigor.lean,284,theorem,gaugeEnergy_groundState_zero
Superconductivity.FormalizationRigor,Superconductivity/FormalizationRigor.lean,290,theorem,gaugeEnergy_pos
Superconductivity.FormalizationRigor,Superconductivity/FormalizationRigor.lean,301,theorem,transitionCoupling_n2_from_A4
Superconductivity.FormalizationRigor,Superconductivity/FormalizationRigor.lean,322,def,reggeEnergy
Superconductivity.FormalizationRigor,Superconductivity/FormalizationRigor.lean,326,def,orderParameter
Superconductivity.FormalizationRigor,Superconductivity/FormalizationRigor.lean,330,def,pairingInteraction
Superconductivity.FormalizationRigor,Superconductivity/FormalizationRigor.lean,333,def,condensationEnergy
Superconductivity.FormalizationRigor,Superconductivity/FormalizationRigor.lean,338,def,freeEnergyModel
Superconductivity.FormalizationRigor,Superconductivity/FormalizationRigor.lean,347,theorem,freeEnergy_realizes_CQM_structure
Superconductivity.FormalizationRigor,Superconductivity/FormalizationRigor.lean,360,theorem,criticalTemperature_freeEnergyCrossing
Superconductivity.FormalizationRigor,Superconductivity/FormalizationRigor.lean,389,def,topoTcCoefficient
Superconductivity.FormalizationRigor,Superconductivity/FormalizationRigor.lean,395,theorem,topoTc_freeEnergyCrossing_weakCoupling
Superconductivity.FormalizationRigor,Superconductivity/FormalizationRigor.lean,466,def,lambdaEff
Superconductivity.FormalizationRigor,Superconductivity/FormalizationRigor.lean,470,def,pairingTc
Superconductivity.FormalizationRigor,Superconductivity/FormalizationRigor.lean,495,theorem,pairingTc_n2_standardMcMillan
Superconductivity.FormalizationRigor,Superconductivity/FormalizationRigor.lean,514,theorem,tc_geometric_upperBound
Superconductivity.MolecularGeometry,Superconductivity/MolecularGeometry.lean,76,structure,EuclideanCoord
Superconductivity.MolecularGeometry,Superconductivity/MolecularGeometry.lean,82,structure,AtomConfig
Superconductivity.MolecularGeometry,Superconductivity/MolecularGeometry.lean,88,structure,MoleculeConfig
Superconductivity.MolecularGeometry,Superconductivity/MolecularGeometry.lean,93,def,interatomicDistance
Superconductivity.MolecularGeometry,Superconductivity/MolecularGeometry.lean,97,theorem,interatomicDistance_nonneg
Superconductivity.MolecularGeometry,Superconductivity/MolecularGeometry.lean,101,theorem,interatomicDistance_symm
Superconductivity.MolecularGeometry,Superconductivity/MolecularGeometry.lean,111,def,protonCartanBlock
Superconductivity.MolecularGeometry,Superconductivity/MolecularGeometry.lean,117,def,neutronCartanBlock
Superconductivity.MolecularGeometry,Superconductivity/MolecularGeometry.lean,124,def,neutronLifetimeDefect
Superconductivity.MolecularGeometry,Superconductivity/MolecularGeometry.lean,128,theorem,neutronLifetimeDefect_pos
Superconductivity.MolecularGeometry,Superconductivity/MolecularGeometry.lean,133,def,freeNeutronLifetime
Superconductivity.MolecularGeometry,Superconductivity/MolecularGeometry.lean,138,def,freeNeutronDefect
Superconductivity.MolecularGeometry,Superconductivity/MolecularGeometry.lean,141,theorem,freeNeutronDefect_eq_one
Superconductivity.MolecularGeometry,Superconductivity/MolecularGeometry.lean,148,def,boundNeutronDefect
Superconductivity.MolecularGeometry,Superconductivity/MolecularGeometry.lean,153,def,atomCartanDimension
Superconductivity.MolecularGeometry,Superconductivity/MolecularGeometry.lean,158,def,atomCartanMatrix
Superconductivity.MolecularGeometry,Superconductivity/MolecularGeometry.lean,168,theorem,protonCartan_isPureA4
Superconductivity.MolecularGeometry,Superconductivity/MolecularGeometry.lean,173,theorem,neutronCartanBlock_posDef_of_lt_one
Superconductivity.MolecularGeometry,Superconductivity/MolecularGeometry.lean,178,theorem,neutronLifetimeDefect_posDef
Superconductivity.MolecularGeometry,Superconductivity/MolecularGeometry.lean,189,def,molecularSuperCartanDimension
Superconductivity.MolecularGeometry,Superconductivity/MolecularGeometry.lean,194,def,interatomicCausalCoupling
Superconductivity.MolecularGeometry,Superconductivity/MolecularGeometry.lean,199,def,interatomicCouplingBlock
Superconductivity.MolecularGeometry,Superconductivity/MolecularGeometry.lean,203,theorem,interatomicCouplingBlock_symmetric
Superconductivity.MolecularGeometry,Superconductivity/MolecularGeometry.lean,232,lemma,cartanA4_quadratic_lower_bound
Superconductivity.MolecularGeometry,Superconductivity/MolecularGeometry.lean,269,lemma,cartanHamiltonian_quadratic
Superconductivity.MolecularGeometry,Superconductivity/MolecularGeometry.lean,278,def,goldenRatio
Superconductivity.MolecularGeometry,Superconductivity/MolecularGeometry.lean,281,lemma,goldenRatio_sq_eq_add_one
Superconductivity.MolecularGeometry,Superconductivity/MolecularGeometry.lean,287,lemma,goldenRatio_pos
Superconductivity.MolecularGeometry,Superconductivity/MolecularGeometry.lean,292,lemma,goldenRatio_gt_one
Superconductivity.MolecularGeometry,Superconductivity/MolecularGeometry.lean,299,lemma,goldenRatio_inv_eq_sub_one
Superconductivity.MolecularGeometry,Superconductivity/MolecularGeometry.lean,305,lemma,goldenRatio_mul_sub_one
Superconductivity.MolecularGeometry,Superconductivity/MolecularGeometry.lean,310,lemma,goldenRatio_sq_mul_sub_one
Superconductivity.MolecularGeometry,Superconductivity/MolecularGeometry.lean,322,theorem,cartanA4_spectralGap_lower_bound
Superconductivity.MolecularGeometry,Superconductivity/MolecularGeometry.lean,365,def,twoProtonCouplingMatrix
Superconductivity.MolecularGeometry,Superconductivity/MolecularGeometry.lean,373,lemma,pairSum
Superconductivity.MolecularGeometry,Superconductivity/MolecularGeometry.lean,380,lemma,mvec0
Superconductivity.MolecularGeometry,Superconductivity/MolecularGeometry.lean,387,lemma,mvec1
Superconductivity.MolecularGeometry,Superconductivity/MolecularGeometry.lean,398,lemma,twoProtonCoupling_quadratic
Superconductivity.MolecularGeometry,Superconductivity/MolecularGeometry.lean,452,def,a4Eigenvector1
Superconductivity.MolecularGeometry,Superconductivity/MolecularGeometry.lean,456,lemma,a4Eigenvector1_normSq_pos
Superconductivity.MolecularGeometry,Superconductivity/MolecularGeometry.lean,463,lemma,a4Eigenvector1_isEigenvector
Superconductivity.MolecularGeometry,Superconductivity/MolecularGeometry.lean,473,lemma,a4Eigenvector1_quadratic
Superconductivity.MolecularGeometry,Superconductivity/MolecularGeometry.lean,480,lemma,coupling_quadratic_u_add
Superconductivity.MolecularGeometry,Superconductivity/MolecularGeometry.lean,492,lemma,coupling_quadratic_v_sub
Superconductivity.MolecularGeometry,Superconductivity/MolecularGeometry.lean,505,theorem,twoProtonCoupling_not_posDef_of_spectralGap_le
Superconductivity.MolecularGeometry,Superconductivity/MolecularGeometry.lean,555,lemma,twoProtonCoupling_IsHermitian
Superconductivity.MolecularGeometry,Superconductivity/MolecularGeometry.lean,576,lemma,one_third_lt_spectralGap
Superconductivity.MolecularGeometry,Superconductivity/MolecularGeometry.lean,585,theorem,twoProtonCoupling_exactThreshold
Superconductivity.MolecularGeometry,Superconductivity/MolecularGeometry.lean,688,theorem,twoProtonCoupling_posDef
Superconductivity.MolecularGeometry,Superconductivity/MolecularGeometry.lean,699,theorem,couplingStabilityCriterion
Superconductivity.MolecularGeometry,Superconductivity/MolecularGeometry.lean,711,theorem,molecularSuperCartan_symmetric
Superconductivity.MolecularGeometry,Superconductivity/MolecularGeometry.lean,740,def,molecularSuperCartanTrace
Superconductivity.MolecularGeometry,Superconductivity/MolecularGeometry.lean,748,theorem,molecularSuperCartanTrace_eq
Superconductivity.MolecularGeometry,Superconductivity/MolecularGeometry.lean,759,structure,ReggeTetrahedron
Superconductivity.MolecularGeometry,Superconductivity/MolecularGeometry.lean,765,def,reggeTetrahedronEdgeLength
Superconductivity.MolecularGeometry,Superconductivity/MolecularGeometry.lean,769,theorem,reggeTetrahedronEdgeLength_pos
Superconductivity.MolecularGeometry,Superconductivity/MolecularGeometry.lean,780,def,reggeDeficitAngle
Superconductivity.MolecularGeometry,Superconductivity/MolecularGeometry.lean,784,theorem,reggeDeficitAngle_nonneg
Superconductivity.MolecularGeometry,Superconductivity/MolecularGeometry.lean,796,theorem,reggeEdgeLength_antitone_in_spectralGap
Superconductivity.MolecularGeometry,Superconductivity/MolecularGeometry.lean,817,theorem,reggeEdgeLength_antitone_in_single_spectralGap
Superconductivity.MolecularGeometry,Superconductivity/MolecularGeometry.lean,829,def,regularTetrahedronDihedralAngle
Superconductivity.MolecularGeometry,Superconductivity/MolecularGeometry.lean,833,theorem,regularTetrahedronDihedralAngle_range
Superconductivity.MolecularGeometry,Superconductivity/MolecularGeometry.lean,842,theorem,regularTetrahedronDihedralAngle_cos
Superconductivity.MolecularGeometry,Superconductivity/MolecularGeometry.lean,849,def,regularTetrahedronVolume
Superconductivity.MolecularGeometry,Superconductivity/MolecularGeometry.lean,853,theorem,regularTetrahedronVolume_pos
Superconductivity.MolecularGeometry,Superconductivity/MolecularGeometry.lean,860,theorem,regularTetrahedronVolume_scaling
Superconductivity.MolecularGeometry,Superconductivity/MolecularGeometry.lean,874,def,deficitAngleDensity
Superconductivity.MolecularGeometry,Superconductivity/MolecularGeometry.lean,878,theorem,deficitAngleDensity_pos
Superconductivity.MolecularGeometry,Superconductivity/MolecularGeometry.lean,888,theorem,deficitAngleDensity_scaling_from_spectralGap
Superconductivity.MolecularGeometry,Superconductivity/MolecularGeometry.lean,909,def,grEffectiveMetricPerturbation
Superconductivity.MolecularGeometry,Superconductivity/MolecularGeometry.lean,916,def,grEffectiveMetric
Superconductivity.MolecularGeometry,Superconductivity/MolecularGeometry.lean,926,theorem,grMetric_from_deficitDensity
Superconductivity.MolecularGeometry,Superconductivity/MolecularGeometry.lean,934,theorem,grEffectiveMetric_symmetric
Superconductivity.MolecularGeometry,Superconductivity/MolecularGeometry.lean,948,theorem,reggeDeficit_to_metric_timeComponent
Superconductivity.MolecularGeometry,Superconductivity/MolecularGeometry.lean,957,theorem,grEffectiveMetric_lorentzSignature
Superconductivity.MolecularGeometry,Superconductivity/MolecularGeometry.lean,973,theorem,reggeDeficit_determines_perturbation
Superconductivity.MolecularGeometry,Superconductivity/MolecularGeometry.lean,986,theorem,quadraticForm_lowerBound_to_spectralGap_bound
Superconductivity.Ontology,Superconductivity/Ontology.lean,40,axiom,proton_is_finite_ontology
Superconductivity.Ontology,Superconductivity/Ontology.lean,45,axiom,neutron_is_defective_ontology
Superconductivity.Ontology,Superconductivity/Ontology.lean,50,axiom,proton_confinement_geometry_is_4simplex
Superconductivity.Ontology,Superconductivity/Ontology.lean,55,axiom,confinement_interior_is_quantum_gravity
Superconductivity.Ontology,Superconductivity/Ontology.lean,65,theorem,fourSimplex_euler_char_zero
Superconductivity.Ontology,Superconductivity/Ontology.lean,70,theorem,fourSimplex_fvector_sum_eq_adele_cycle
Superconductivity.Ontology,Superconductivity/Ontology.lean,75,theorem,fourSimplex_vertices_eq_rank_plus_one
Superconductivity.Ontology,Superconductivity/Ontology.lean,84,axiom,electron_is_proton_neutron_product
Superconductivity.Ontology,Superconductivity/Ontology.lean,87,def,electronCharge
Superconductivity.Ontology,Superconductivity/Ontology.lean,90,theorem,electronCharge_neg
Superconductivity.Ontology,Superconductivity/Ontology.lean,94,def,electronSpin
Superconductivity.Ontology,Superconductivity/Ontology.lean,97,theorem,electronSpin_pos
Superconductivity.Ontology,Superconductivity/Ontology.lean,102,def,electronMass
Superconductivity.Ontology,Superconductivity/Ontology.lean,105,theorem,electronMass_pos
Superconductivity.Ontology,Superconductivity/Ontology.lean,109,theorem,electronMass_lt_protonMass
Superconductivity.Reduction,Superconductivity/Reduction.lean,84,def,bcsCriticalTemperature
Superconductivity.Reduction,Superconductivity/Reduction.lean,88,theorem,bcsCriticalTemperature_pos
Superconductivity.Reduction,Superconductivity/Reduction.lean,95,theorem,bcsTcEquation_solved
Superconductivity.Reduction,Superconductivity/Reduction.lean,117,theorem,bcsTcEquation_unique
Superconductivity.Reduction,Superconductivity/Reduction.lean,164,def,bcsGap
Superconductivity.Reduction,Superconductivity/Reduction.lean,168,theorem,bcsGap_pos
Superconductivity.Reduction,Superconductivity/Reduction.lean,174,def,bcsGapFromGapEquation
Superconductivity.Reduction,Superconductivity/Reduction.lean,179,theorem,bcs_gap_equation
Superconductivity.Reduction,Superconductivity/Reduction.lean,196,theorem,bcs_gap_equation_unique
Superconductivity.Reduction,Superconductivity/Reduction.lean,219,lemma,bcs_gap_ratio_eq
Superconductivity.Reduction,Superconductivity/Reduction.lean,257,theorem,bcs_gap_weak_coupling_limit
Superconductivity.Reduction,Superconductivity/Reduction.lean,280,lemma,bcs_gap_ratio_closed_form
Superconductivity.Reduction,Superconductivity/Reduction.lean,307,theorem,bcs_gap_ratio_strong_coupling_excess
Superconductivity.Reduction,Superconductivity/Reduction.lean,334,theorem,bcs_universal_gap_ratio
Superconductivity.Reduction,Superconductivity/Reduction.lean,367,theorem,cqm_reduces_to_bcs
Superconductivity.Reduction,Superconductivity/Reduction.lean,374,def,debyeFrequency
Superconductivity.Reduction,Superconductivity/Reduction.lean,378,theorem,debyeFrequency_pos
Superconductivity.Reduction,Superconductivity/Reduction.lean,385,theorem,debyeFrequency_decreases_with_mass
Superconductivity.Reduction,Superconductivity/Reduction.lean,397,theorem,cqm_debye_reduction
Superconductivity.Reduction,Superconductivity/Reduction.lean,403,theorem,criticalTemperature_isotope_shift
Superconductivity.Reduction,Superconductivity/Reduction.lean,425,theorem,hydrogen_deuterium_isotope_shift
Superconductivity.Reduction,Superconductivity/Reduction.lean,436,theorem,criticalTemperature_decreases_with_ion_mass
Superconductivity.Reduction,Superconductivity/Reduction.lean,450,def,mcmillanDynesTc
Superconductivity.Reduction,Superconductivity/Reduction.lean,455,theorem,mcmillanDynesTc_pos
Superconductivity.Reduction,Superconductivity/Reduction.lean,464,theorem,mcmillan_strong_coupling_condition
Superconductivity.Reduction,Superconductivity/Reduction.lean,472,def,londonPenetrationDepth
Superconductivity.Reduction,Superconductivity/Reduction.lean,476,theorem,londonPenetrationDepth_pos
Superconductivity.Reduction,Superconductivity/Reduction.lean,486,def,bcsCoherenceLength
Superconductivity.Reduction,Superconductivity/Reduction.lean,490,theorem,bcsCoherenceLength_pos
Superconductivity.Reduction,Superconductivity/Reduction.lean,496,def,fluxQuantum
Superconductivity.Reduction,Superconductivity/Reduction.lean,499,theorem,fluxQuantum_eq_pi
Superconductivity.SPAF,Superconductivity/SPAF.lean,48,def,causalCoupling
Superconductivity.SPAF,Superconductivity/SPAF.lean,53,theorem,causalCoupling_pos
Superconductivity.SPAF,Superconductivity/SPAF.lean,60,theorem,causalCoupling_zero_of_cutoff
Superconductivity.SPAF,Superconductivity/SPAF.lean,67,theorem,causalCoupling_antitone_in_distance
Superconductivity.SPAF,Superconductivity/SPAF.lean,81,theorem,causalCoupling_nonneg
Superconductivity.SPAF,Superconductivity/SPAF.lean,94,theorem,superCartan_symmetric
Superconductivity.SPAF,Superconductivity/SPAF.lean,101,theorem,identityBlock_symmetric
Superconductivity.SPAF,Superconductivity/SPAF.lean,114,theorem,cartanA4Stack_symmetric
Superconductivity.SPAF,Superconductivity/SPAF.lean,130,def,neutronDefect
Superconductivity.SPAF,Superconductivity/SPAF.lean,135,def,neutronCartan
Superconductivity.SPAF,Superconductivity/SPAF.lean,139,theorem,neutronCartan_symmetric
Superconductivity.SPAF,Superconductivity/SPAF.lean,153,theorem,neutronCartan_zero_eq_proton
Superconductivity.SPAF,Superconductivity/SPAF.lean,160,theorem,neutronCartan_diag00
Superconductivity.SPAF,Superconductivity/SPAF.lean,168,theorem,neutronCartan_diag_ne00
Superconductivity.SPAF,Superconductivity/SPAF.lean,177,theorem,neutronCartan_diag00_pos
Superconductivity.SPAF,Superconductivity/SPAF.lean,184,lemma,neutronCartan_eq_explicit
Superconductivity.SPAF,Superconductivity/SPAF.lean,191,lemma,neutronCartan_quadratic
Superconductivity.SPAF,Superconductivity/SPAF.lean,200,lemma,neutronCartan_isHermitian
Superconductivity.SPAF,Superconductivity/SPAF.lean,205,lemma,neutronCartan_quadForm_pos
Superconductivity.SPAF,Superconductivity/SPAF.lean,241,theorem,neutronCartan_posDef_of_lt_one
Superconductivity.SPAF,Superconductivity/SPAF.lean,251,theorem,neutronCartan_posDef_of_lt_spectralGap
Superconductivity.SPAF,Superconductivity/SPAF.lean,258,theorem,neutronCartan_not_posDef_of_five_fourths_le
Superconductivity.SPAF,Superconductivity/SPAF.lean,280,def,reggeEdgeLength
Superconductivity.SPAF,Superconductivity/SPAF.lean,283,theorem,reggeEdgeLength_pos
Superconductivity.SPAF,Superconductivity/SPAF.lean,291,def,neutronCartanMinor1
Superconductivity.SPAF,Superconductivity/SPAF.lean,294,def,neutronCartanMinor2
Superconductivity.SPAF,Superconductivity/SPAF.lean,297,def,neutronCartanMinor3
Superconductivity.SPAF,Superconductivity/SPAF.lean,300,def,neutronCartanMinor4
Superconductivity.SPAF,Superconductivity/SPAF.lean,303,theorem,neutronCartan_allMinors_pos_of_lt_five_fourths
Superconductivity.SPAF,Superconductivity/SPAF.lean,314,theorem,neutronCartan_posDef_of_lt_five_fourths
Superconductivity.SPAF,Superconductivity/SPAF.lean,381,theorem,neutronCartan_posDef_iff_lt_five_fourths
Superconductivity.SPAF,Superconductivity/SPAF.lean,392,inductive,AtomType
Superconductivity.SPAF,Superconductivity/SPAF.lean,398,def,atomCartan
Superconductivity.SPAF,Superconductivity/SPAF.lean,404,theorem,atomCartan_symmetric
Superconductivity.SPAF,Superconductivity/SPAF.lean,417,def,molecularCartan
Superconductivity.SPAF,Superconductivity/SPAF.lean,426,def,molecularCartanBlockDiag
Superconductivity.SPAF,Superconductivity/SPAF.lean,431,theorem,molecularCartanBlockDiag_symmetric
Superconductivity.SPAF,Superconductivity/SPAF.lean,444,theorem,molecularCartan_symmetric
Superconductivity.SPAF,Superconductivity/SPAF.lean,470,theorem,molecularCartan_allProtons
Superconductivity.SPAF,Superconductivity/SPAF.lean,479,theorem,neutronCartan_trace
Superconductivity.SPAF,Superconductivity/SPAF.lean,489,theorem,molecularCartan_trace
Superconductivity.SPAF,Superconductivity/SPAF.lean,523,def,bulkCartan
Superconductivity.SPAF,Superconductivity/SPAF.lean,534,def,bulkLowEnergyProjection
Superconductivity.SPAF,Superconductivity/SPAF.lean,546,theorem,bulkLowEnergyProjection_idempotent
Superconductivity.SPAF,Superconductivity/SPAF.lean,563,lemma,cartanHamiltonian_posDef
Superconductivity.SPAF,Superconductivity/SPAF.lean,572,theorem,molecularCartanBlockDiag_posDef_of_allProtons
Superconductivity.SPAF,Superconductivity/SPAF.lean,641,theorem,molecularCartan_posDef_of_allProtons_zeroCoupling
Superconductivity.SPAF,Superconductivity/SPAF.lean,656,theorem,bulkCartan_trace
Superconductivity.SPAF,Superconductivity/SPAF.lean,667,theorem,bulkLowEnergyProjection_trace
Superconductivity.SPAF,Superconductivity/SPAF.lean,683,def,neutronDefectCartan
Superconductivity.SPAF,Superconductivity/SPAF.lean,687,theorem,neutronDefectCartan_symmetric
Superconductivity.SPAF,Superconductivity/SPAF.lean,693,lemma,neutronDefectCartan_isHermitian
Superconductivity.SPAF,Superconductivity/SPAF.lean,699,theorem,neutronDefectCartan_one_eq_cartanA4_entries
Superconductivity.SPAF,Superconductivity/SPAF.lean,708,lemma,neutronDefectCartan_quadratic
Superconductivity.SPAF,Superconductivity/SPAF.lean,720,theorem,fin4_succAbove_two_zero
Superconductivity.SPAF,Superconductivity/SPAF.lean,721,theorem,fin4_succAbove_two_one
Superconductivity.SPAF,Superconductivity/SPAF.lean,722,theorem,fin4_succAbove_two_two
Superconductivity.SPAF,Superconductivity/SPAF.lean,723,theorem,fin4_succAbove_three_zero
Superconductivity.SPAF,Superconductivity/SPAF.lean,724,theorem,fin4_succAbove_three_one
Superconductivity.SPAF,Superconductivity/SPAF.lean,725,theorem,fin4_succAbove_three_two
Superconductivity.SPAF,Superconductivity/SPAF.lean,730,theorem,neutronDefectCartan_det
Superconductivity.SPAF,Superconductivity/SPAF.lean,743,theorem,neutronDefectCartan_posDef_of_lt_sqrt_eight_thirds
Superconductivity.SPAF,Superconductivity/SPAF.lean,801,theorem,neutronDefectCartan_not_posDef_of_sqrt_eight_thirds_le
Superconductivity.SPAF,Superconductivity/SPAF.lean,831,theorem,neutronDefectCartan_posDef_iff_abs_lt_sqrt_eight_thirds
Superconductivity.SPAF,Superconductivity/SPAF.lean,845,def,diagonalDefectParam
Superconductivity.SPAF,Superconductivity/SPAF.lean,850,theorem,neutronCartan_det
Superconductivity.SPAF,Superconductivity/SPAF.lean,862,theorem,neutronCartan_det_eq_diagonalParam
Superconductivity.SPAF,Superconductivity/SPAF.lean,870,theorem,neutronDefectCartan_phys_posDef
Superconductivity.SPAF,Superconductivity/SPAF.lean,884,theorem,neutronDefectCartan_det_one
Superconductivity.SPAF,Superconductivity/SPAF.lean,891,theorem,diagonalDefectParam_perturb
Superconductivity.SPAF,Superconductivity/SPAF.lean,900,theorem,neutronDefectCartan_det_perturb
Superconductivity.SPAF,Superconductivity/SPAF.lean,907,theorem,neutronDefectCartan_det_strictAntiOn_nonneg
Superconductivity.SPAF,Superconductivity/SPAF.lean,916,theorem,neutronDefectCartan_det_lt_five_of_one_lt
Superconductivity.SPAF,Superconductivity/SPAF.lean,924,theorem,neutronDefectCartan_det_gt_five_of_nonneg_lt_one
Superconductivity.SPAF,Superconductivity/SPAF.lean,932,theorem,neutronDefectCartan_phys_det_gt_proton
Superconductivity.SPAF,Superconductivity/SPAF.lean,940,theorem,diagonalDefectParam_phys_neg
Superconductivity.TestDet,Superconductivity/TestDet.lean,10,def,neutronDefectCartan
Superconductivity.TestDet,Superconductivity/TestDet.lean,13,theorem,succAbove_two_zero
Superconductivity.TestDet,Superconductivity/TestDet.lean,14,theorem,succAbove_two_one
Superconductivity.TestDet,Superconductivity/TestDet.lean,15,theorem,succAbove_two_two
Superconductivity.TestDet,Superconductivity/TestDet.lean,16,theorem,succAbove_three_zero
Superconductivity.TestDet,Superconductivity/TestDet.lean,17,theorem,succAbove_three_one
Superconductivity.TestDet,Superconductivity/TestDet.lean,18,theorem,succAbove_three_two
Superconductivity.TestDet,Superconductivity/TestDet.lean,21,theorem,neutronDefectCartan_det
Superconductivity.TestDet,Superconductivity/TestDet.lean,31,def,neutronCartan
Superconductivity.TestDet,Superconductivity/TestDet.lean,34,theorem,neutronCartan_eq_explicit
Superconductivity.TestDet,Superconductivity/TestDet.lean,39,theorem,neutronCartan_det
Superconductivity.TransitionTemperature,Superconductivity/TransitionTemperature.lean,36,def,bcsExactConstant
Superconductivity.TransitionTemperature,Superconductivity/TransitionTemperature.lean,40,theorem,bcsExactConstant_pos
Superconductivity.TransitionTemperature,Superconductivity/TransitionTemperature.lean,49,def,criticalTemperature
Superconductivity.TransitionTemperature,Superconductivity/TransitionTemperature.lean,53,theorem,criticalTemperature_pos
Superconductivity.TransitionTemperature,Superconductivity/TransitionTemperature.lean,62,theorem,criticalTemperature_monotone_in_cutoff
Superconductivity.TransitionTemperatureCQM,Superconductivity/TransitionTemperatureCQM.lean,48,def,spectralConstantC
Superconductivity.TransitionTemperatureCQM,Superconductivity/TransitionTemperatureCQM.lean,54,def,boseOccupation
Superconductivity.TransitionTemperatureCQM,Superconductivity/TransitionTemperatureCQM.lean,60,theorem,boseSuppression_eq_tanh
Superconductivity.TransitionTemperatureCQM,Superconductivity/TransitionTemperatureCQM.lean,94,def,curvatureFluctuation
Superconductivity.TransitionTemperatureCQM,Superconductivity/TransitionTemperatureCQM.lean,101,def,pairingThreshold
Superconductivity.TransitionTemperatureCQM,Superconductivity/TransitionTemperatureCQM.lean,110,def,criticalTemperatureCQM
Superconductivity.TransitionTemperatureCQM,Superconductivity/TransitionTemperatureCQM.lean,114,def,criticalTemperatureFromParameters
Superconductivity.TransitionTemperatureCQM,Superconductivity/TransitionTemperatureCQM.lean,119,theorem,criticalTemperatureCQM_pos
Superconductivity.TransitionTemperatureCQM,Superconductivity/TransitionTemperatureCQM.lean,130,theorem,criticalTemperatureCQM_antitone_in_ratio
